Principe actif;Classe;Galénique;Galéniques alternatives;Préparation;Goût;Administration du médicament modifié;Informations;Sources;Autres sources;Réponses des laboratoires;Date
ABACAVIR / DOLUTEGRAVIR / LAMIVUDINE 600/50/300 mg (Triumeq);Antiviraux pour le traitement des infections au VIH en association;Comprimé;oui;Ne pas écraser ni croquer;;;"Abacavir et Lamivudine solutions buvables, Dolutégravir comprimés dispersibles
⚠ Adaptation posologique ⚠";Notice patient;Ecrasable selon HUG 03/2023;La biodisponibilité des comprimés dispersibles de Dolutegravir est 1,6 fois supérieure à celle des comprimés pelliculés.;
ABACAVIR / LAMIVUDINE / ZIDOVUDINE 300/150/300 mg (Trizivir);Antiviraux pour le traitement des infections au VIH en association;Comprimé ;oui;Ne pas écraser ni croquer;;;Solutions buvables;Notice patient;Ecrasable selon HUG 03/2023;A prendre de préférence au coucher.;GSK 20-03-2023 : écrasement déconseillé car pas d'étude
ABACAVIR / LAMIVUDINE 600/300 mg (Kivexa);Antiviraux pour le traitement des infections au VIH en association;Comprimé;oui;Ne pas écraser ni croquer;;;Solutions buvables;Notice patient;;;GSK 20-03-2023 : écrasement déconseillé car pas d'étude
ABACAVIR 300 mg (Ziagen);Inhibiteurs de la transcriptase inverse nucléosidique et nucléotidique;Comprimé;oui : éviter l'écrasement ou l'ouverture lorsque cela est possible.;Écrasement possible;;Prise possible avec de l’eau<br>Prise possible avec un jus d’orange<br>Prise possible avec du lait<br>Prise possible avec de la compote<br>Prise possible avec un yaourt<br>Prise immédiate après préparation<br>;Solution buvable;Notice patient;Ecrasable selon HUG 03/2023;Mélangeable à une petite quantité de nourriture ou de liquide. Administration immédiate.;
ABEMACICLIB 50, 100 et 150mg (Verzenios);Inhibiteurs de protéine kinase;Comprimé;;Ne pas écraser ni croquer;Goût désagréable;Prise possible avec de l’eau<br>Prise immédiate après préparation<br>;Non;RCP;Dispersible selon le laboratoire;A prendre à heure fixe. Eviter le jus de pamplemousse.;LILLY 15-05-2024 : peut être dispersé (sans l'écraser) dans 10mL d'eau, boire l'entièreté du verre dans les 10min, rincer et boire l'eau de rinçage tant qu'il reste des résidus sur la paroi. 
ACAMPROSATE 333 mg (Aotal);Médicaments utilisés en cas de dépendance à l'alcool;Comprimé GR;;Ne pas écraser ni croquer;;;Non;Notice patient;;A prendre de préférence en dehors des repas si bonne tolérance digestive.;
ACARBOSE 50 et 100 mg (Glucor);Inhibiteurs de l'α-glucosidase;Comprimé ou comprimé sécable;;Écrasement possible;;Prise possible avec de l’eau<br>;Non;RCP;;Doit être avalé avec un peu d'eau ou croqué. A prendre au début des repas.;
ACEBUTOLOL 200 et 400 mg (Sectral);Bêta-bloquants sélectifs;Comprimé;;Ne pas écraser ni croquer;Goût désagréable;;Solution buvable;Notice patient;;;
ACEBUTOLOL LP 500 mg (Sectral LP);Bêta-bloquants sélectifs;Comprimé LP;;Ne pas écraser ni croquer;Goût désagréable;;"⚠ Non LP ⚠
Solution buvable";RCP;;;
ACENOCOUMAROL 1 et 4 mg (Mini-sintrom, Sintrom);Antivitamines K;Comprimé sécable;;Ne pas écraser ni croquer;;;Non;RCP;Ecrasable selon HUG 03/2023;A prendre à heure fixe, de préférence le soir.;
ACETAZOLAMIDE 250 mg (Diamox);Inhibiteurs de l'anhydrase carbonique;Comprimé sécable;;Ne pas écraser ni croquer;Goût désagréable;;Non;Réponse laboratoire;Ecrasable selon HUG 03/2023;A prendre de préférence pendant les repas pour masquer l'amertume.;Cooper 22-03-2022 : écrasement déconseillé car pas d'étude
ACETYLLEUCINE 500 mg (Tanganil);Antivertigineux;Comprimé;;Ne pas écraser ni croquer;;;Non;Réponse laboratoire;;;Pierre Fabre 21-02-2022 : écrasement déconseillé car pas d'étude.
ACICLOVIR 200 et 800 mg (Zovirax);Nucléosides et nucléotides sauf inhibiteurs de la transcriptase inverse ;Comprimé;;Ne pas écraser ni croquer;;;Suspension buvable;Notice patient;Ecrasable selon HUG 03/2023;;
ACIDE ACETYLSALICYLIQUE 75mg et 100mg (Resitune);Antiagrégants plaquettaires à l'exclusion de l’héparine;Comprimé ;;;;;Solution buvable (sachets);RCP;Ecrasable si urgence (RCP);A avaler entiers avec suffisamment de boisson (1/2 verre d’eau). En raison de l’enrobage gastro-résistant, les comprimés ne doivent pas être écrasés, cassés ou mâchés. L'enrobage prévient les effets irritants sur l'intestin. En cas d’urgence, les comprimés peuvent être écrasés ou mâchés dans le but d’accélérer l’absorption de l’acide acétylsalicylique.;Pfizer 20/11/2025 : écrasement uniquement en cas d'urgence (accélération de l'absorption). 
ACIDE ALENDRONIQUE / CHOLECALCIFEROL 70/2800 et 70/5600 UI (Fosavance);Biphosphonates en associations;Comprimé;;Ne pas écraser ni croquer;;;Acide alendronique comprimé effervescent + Cholecalciferol buvable;RCP;;PA très irritant (risque d'ulcération). A prendre avec un grand verre d'eau (≥ 200 mL) peu minéralisée le matin à jeun. Patienter ensuite ≥ 30 min avant de manger, boire, s’allonger ou prendre d’autres médicaments.;
ACIDE ALENDRONIQUE 10 et 70 mg (Fosamax);Biphosphonates;Comprimé;;Ne pas écraser ni croquer;;;Comprimés effervescents;RCP;;PA très irritant (risque d'ulcération). A prendre avec un grand verre d'eau (≥ 200 mL) peu minéralisée le matin à jeun. Patienter ensuite ≥ 30 min avant de manger, boire, s’allonger ou prendre d’autres médicaments.;
ACIDE CLODRONIQUE 520 et 800 mg (Clastoban, Lytos);Biphosphonates;Comprimé;;Ne pas écraser ni croquer;;;Non;RCP;;PA très irritant. A prendre avec un grand verre d'eau (≥ 200 mL) peu minéralisée le matin à jeun (et ≥ 2h après un repas si 2ème prise journalière). Ne pas manger, boire ni trop bouger jusqu’à 1h après la prise.;
ACIDE FOLINIQUE 5 et 25 mg (Folinoral);Médicaments détoxifiants dans un traitement cytostatique;Gélule;;Ouverture possible;;Prise possible avec de l’eau<br>Prise possible avec un jus d’orange<br>Prise possible avec du lait<br>Prise possible avec de la compote<br>Prise possible avec un yaourt<br>;Non;Réponse laboratoire;;;Therabel 25-02-2022 : possibilité d'ouvrir la gélule et de mélanger le contenu avec de la nourriture ou une boisson.
ACIDE FOLINIQUE 5, 15 et 25 mg (Lederfoline);Médicaments détoxifiants dans un traitement cytostatique;Comprimé sécable;;Ne pas écraser ni croquer;;;Non;Réponse laboratoire;;;Pfizer 14-03-2023 : écrasement déconseillé car pas d'étude.
ACIDE FOLIQUE 0,4 et 5 mg (Speciafoldine);Acide folique et dérivés;Comprimé;;Ne pas écraser ni croquer;;;Non;Réponse laboratoire;;;Sanofi 23-03-2022 : écrasement déconseillé car pas d'étude
ACIDE FUSIDIQUE 250 mg (Fucidine);Antibactériens stéroïdiens;Comprimé;;Écrasement possible;Goût désagréable;Prise possible avec de l’eau<br>Prise possible avec un jus d’orange<br>Prise immédiate après préparation<br>;Suspension buvable;Réponse laboratoire;;;Leo pharma 14-02-2022 : écrasement possible si administration immédiate mais goût amer. Peut être pris avec un liquide sucré. Ne pas prendre avec du lait.
ACIDE MEFENAMIQUE 250 mg (Ponstyl);Fénamates;Gélule;;Ne pas ouvrir;;;Non;RCP;;A prendre pendant les repas.;Pfizer 14-03-2023 : écrasement déconseillé car pas d'étude.
ACIDE NIFLUMIQUE 250 mg (Nifluril);Autres anti-inflammatoires antirhumatismaux non stéroïdiens;Gélule;;Ne pas ouvrir;;;Suppositoires;RCP;;A prendre pendant les repas.;
ACIDE PARA-AMINOSALICYLIQUE 4 g (Granupas);Acide aminosalicylique et dérivés;Granulés GR;;Ne pas écraser ni croquer;;Prise possible avec de l’eau<br>Prise possible avec un jus d’orange<br>Prise possible avec du lait<br>Prise possible avec de la compote<br>Prise possible avec un yaourt<br>;Non;RCP;;Peut être mélangé à un jus d'orange ou de tomate, de la compote ou un yaourt, tant que les granulés restent intacts.;
ACIDE RISEDRONIQUE 5, 30, 35 et 75 mg (Actonel);Biphosphonates;Comprimé;;Ne pas écraser ni croquer;;;Non;RCP;;PA très irritant (risque d'ulcération). A prendre avec un grand verre d'eau (≥ 200 mL) peu minéralisée le matin à jeun. Patienter ensuite ≥ 30 min avant de manger, boire, s’allonger ou prendre d’autres médicaments.;Theramex 17-02-2022 : cf RCP
ACIDE TIAPROFENIQUE 100 et 200 mg (Surgam);Dérivés de l'acide propionique;Comprimé sécable;;Délitement possible;;Prise possible avec de l’eau<br>;Non;RCP;;Peut être dissout sans l'écraser dans un grand verre d'eau.;
ACIDE TRANEXAMIQUE 500 mg (Exacyl);Acides aminés;Comprimé;;Ne pas écraser ni croquer;Goût désagréable;;Solution buvable;Réponse laboratoire;;;Cheplapharm 14-03-2022 : écrasement déconseillé car pas d'étude.
ACIDE URSODESOXYCHOLIQUE 200 mg (Ursolvan);Acides biliaires et dérivés;Gélule;;Ne pas ouvrir;;;Suspension buvable (AAC);Notice patient;;A prendre pendant les repas.;Cheplapharm 14-03-2022 : cf. RCP
ACIDE URSODESOXYCHOLIQUE 250 et 500 mg (Cholurso, Delursan);Acides biliaires et dérivés;Comprimé ou comprimé sécable;;Écrasement possible;Goût désagréable;;Suspension buvable (AAC);Réponse laboratoire;;A prendre pendant les repas.;Laboratoires Mayoly Spindler 27-06-25 : écrasement possible mais goût amer.
ACITRETINE 10 et 25 mg (Soriatane);Rétinoïdes pour le traitement du psoriasis;Gélule;oui;Ne pas ouvrir;;Prise possible avec de l’eau<br>Prise immédiate après préparation<br>;Non;Notice patient;;PA tératogène. A prendre de préférence pendant les repas ou avec du lait;"Arrow 23/06/2026 : ouverture hors AMM.
Aucune étude n'a été faite pour connaître la cinétique du produit après changement de la présentation galénique.
Recommandé de ne pas ouvrir, les avaler entières, sans  casser ni  mâcher.
Risque potentiel en cas d'ouverture lié à la tératogénicité du principe actif. Principe actif  sensible à l'humidité,  chaleur, et très sensible à la lumière. Administration par sonde nasogastrique n'a pas été étudiée et non recommandée."
ADEFOVIR 10 mg (Hepsera);Inhibiteurs de la transcriptase inverse nucléosidique et nucléotidique;Comprimé;;Ne pas écraser ni croquer;Goût désagréable;;Non;Réponse laboratoire;;;Gilead 02-03-2022 : écrasement déconseillé car pas d'étude
AFATINIB 20, 30, 40 et 50 mg (Giotrif);Inhibiteurs de protéine kinase;Comprimé;;Délitement possible;;Prise possible avec de l’eau<br>;Non;RCP;;"A prendre à heure fixe, ≥ 1h avant ou ≥ 3h après les repas. Peut être dispersé sans l'écraser dans environ 100 mL d'eau plate (aucun autre liquide ne doit être utilisé) et administré &lt;15 min après dispersion.";Boehringer 24-02-2022 : cf. RCP
AGOMELATINE 25 mg (Valdoxan);Autres antidépresseurs;Comprimé;;Ne pas écraser ni croquer;;;Non;Réponse laboratoire;Ecrasable selon HUG 03/2023;A prendre au coucher.;Servier 28-02-2022 : broyage déconseillé car pas d'étude
ALBENDAZOLE 400 mg (Eskazole, Zentel);Dérivés du benzimidazole;Comprimé;;Écrasement possible;;Prise possible avec de l’eau<br>;Suspension buvable;RCP;;Peut être croqué.;
ALFACALCIDOL 0,25 0,5 et 1 µg (Un-alfa);Vitamine D et analogues;Capsule molle;;Ne pas ouvrir;;;Solution buvable;RCP;;;Cheplapharm 14-03-2022 : cf. RCP
ALFUZOSINE 2,5 mg (Xatral);Alpha-bloquants;Comprimé;;Ne pas écraser ni croquer;Goût désagréable;Prise possible avec de l’eau<br>Prise immédiate après préparation<br>;Non;Notice patient;Ecrasable selon HUG 03/2023;;Sanofi 23-03-2022 : écrasement déconseillé car pas d'étude
ALFUZOSINE LP 10 mg (Xatral LP);Alpha-bloquants;Comprimé LP;;Ne pas écraser ni croquer;;;Non;RCP;;A prendre le soir après le repas.;
ALIMEMAZINE 5 mg (Theralene);Dérivés de la phénothiazine;Comprimé sécable;;Ne pas écraser ni croquer;;;Solution buvable en gouttes;Réponse laboratoire;;;Laboratoire XO 14-02-2022 : écrasement déconseillé en l'absence de données
ALLOPURINOL 100, 200 et 300 mg (Zyloric);Inhibiteurs de la synthèse de l'acide urique;Comprimé;;Ne pas écraser ni croquer;;Prise possible avec de l’eau<br>Prise immédiate après préparation<br>;Non;Notice patient;Ecrasable selon HUG 03/2023;A prendre après les repas pour améliorer la tolérance.;HAC Pharma 22-02-2022 : peut être dispersé dans 10 mL d'eau si besoin
"ALPRAZOLAM 0,25 ; 0,5 et 1 mg (Xanax)";Dérivés des benzodiazépines;Comprimé sécable;;Écrasement possible;;Prise possible avec de l’eau<br>;Non;Réponse laboratoire;;;Pfizer 04-08-2020 : écrasement déconseillé car hors-AMM. Des études de bioeq et de stabilité sont favorables au broyage et à la mise en suspension.
ALTIZIDE / SPIRONOLACTONE 25/15 mg (Aldactazine);Diurétiques low-ceiling et épargneurs potassiques;Comprimé sécable;oui;Ne pas écraser ni croquer;Goût désagréable;;Non;Réponse laboratoire;;A éviter de préférence en fin de journée.;Pfizer 14-03-2023 : écrasement déconseillé car pas d'étude.
ALTRETAMINE 100 mg (Hexastat);Autres antinéoplasiques;Gélule;;Ne pas ouvrir;;;Non;Notice patient;;PA cytotoxique. A prendre après les repas et avant le coucher.;Laboratoires Delbert 14-03-2022 : Poudre irritante, ne pas ouvrir pour éviter tout contact.
ALVERINE / SIMETICONE 60/300mg (Meteospasmyl);Autres médicaments en cas de troubles fonctionnels du côlon;Capsule molle;;Ne pas ouvrir;Goût désagréable;;Non;Réponse laboratoire;;A prendre au début des repas ou au moment des douleurs.;Laboratoires Mayoly Spindler 26-04-2023 : écrasement déconseillé car pas d'étude.
AMANTADINE 100 mg (Mantadix);Dérivés de l'adamantane;Capsule molle;;Ne pas ouvrir;;;Sirop (AAC);Galénique;;;
AMBENONIUM 10 mg (Mytelase);Anticholinestérasiques;Comprimé sécable;;Ne pas écraser ni croquer;;;Non;Réponse laboratoire;;A prendre de préférence pendant ou en fin de repas.;Sanofi 23-03-2022 : écrasement déconseillé car pas d'étude
AMBROXOL 30 mg (génériques);Mucolytiques;Comprimé sécable;;Écrasement possible;;Prise possible avec de l’eau<br>;Solution buvable;Réponse laboratoire;;;Arrow 15-03-2022 : écrasement déconseillé, mais les études s'accordent sur un écrasement possible.
AMILORIDE / HYDROCHLOROTHIAZIDE 5/50mg (génériques);Diurétiques low-ceiling et épargneurs potassiques;Comprimé;;Ne pas écraser ni croquer;Goût désagréable;;Non;Réponse laboratoire;;;Teva 01-03-2022 : écrasement déconseillé car pas d'étude
AMILORIDE 5mg (Modamide);Autres diurétiques épargneurs potassiques;Comprimé;;Écrasement possible;;Prise possible avec de l’eau<br>Prise immédiate après préparation<br>;Non;Réponse laboratoire;;;Substipharm 24-04-2026 : écrasement toléré si absence alternative car pas d'étude (cpr LI, sans enrobage particulier et sans précaution particulière de conservation). 
AMIODARONE 200 mg (Cordarone);Antiarythmiques, classe III;Comprimé sécable;;Écrasement possible;;Prise possible avec de l’eau<br>;Non;Notice patient;;Eviter le jus de pamplemousse.;Sanofi 23-03-2022 : cf. RCP
AMISULPRIDE 100, 200 et 400 mg (Solian);Benzamides;Comprimé sécable;;Ne pas écraser ni croquer;;;Solution buvable;Réponse laboratoire;Ecrasable selon HUG 03/2023;;Sanofi 23-03-2022 : écrasement déconseillé car pas d'étude
AMITRIPTYLINE 25 et 50 mg (Elavil, Laroxyl);Inhibiteurs non-sélectifs de la recapture des monoamines;Comprimé;;Ne pas écraser ni croquer;Goût désagréable;;Solution buvable;Notice patient;;;Teofarma 08-03-2022 : écrasement déconseillé car pas d'étude. Sensible à l'humidité et goût amer.
AMLODIPINE / INDAPAMIDE 1,5/5 et 1,5/10 mg (Natrixam LM);Inhibiteurs calciques et diurétiques ;Comprimé LM;;Ne pas écraser ni croquer;;;Non;RCP;;A prendre de préférence le matin. Eviter le jus de pamplemousse.;
AMLODIPINE / PERINDOPRIL 5/5, 5/10, 10/5 et 10/10 mg (Coveram);Inhibiteurs de l'enzyme de conversion et inhibiteurs des canaux calciques;Comprimé;;Ne pas écraser ni croquer;;;Non;Réponse laboratoire;Ecrasable selon HUG 03/2023;A prendre de préférence le matin à jeun. Eviter le jus de pamplemousse.;Servier 28-02-2022 : broyage déconseillé car pas d'étude
AMLODIPINE / VALSARTAN 5/80, 5/160 et 10/160 mg (Exforge);Antagoniste de l'angiotensine II et inhibiteurs des canaux calciques;Comprimé;;Ne pas écraser ni croquer;Goût désagréable;;Non;Thériaque 03/2023;Ecrasable selon HUG 03/2023;A prendre de préférence à heure fixe. Eviter le jus de pamplemousse.;Novartis 16-03-2022 : cf. RCP
AMLODIPINE 5 et 10 mg (Amlor);Dérivés de la dihydropyridine;Gélule;;Ouverture possible;;Prise possible avec de l’eau<br>Prise possible avec un jus d’orange<br>Prise possible avec du lait<br>Prise possible avec de la compote<br>Prise immédiate après préparation<br>;Non;Réponse laboratoire;;A prendre de préférence à heure fixe. Eviter le jus de pamplemousse.;Pfizer 04-08-2020 : des études de bioeq et de stabilité sont favorables à la dispersion dans un liquide sucré ou une compote si administration immédiate. Peu hydrosoluble.
AMOXICILLINE / ACIDE CLAVULANIQUE 500/62,5 mg (Augmentin);Pénicillines associées à un inhibiteur de bêta-lactamases;Comprimé;;Ne pas écraser ni croquer;;;Poudre pour suspension buvable;Notice patient;Ecrasable selon HUG 03/2023;A prendre de préférence au début des repas.;GSK 02-10-2020 : cf. RCP
AMOXICILLINE 500 mg (Clamoxyl);Pénicillines à large spectre;Gélule;;Ne pas ouvrir;;;Poudre pour suspension buvable, comprimés de 1 g dispersibles;RCP;;;GSK 02-10-2020 : cf. RCP
ANASTROZOLE 1 mg (Arimidex);Inhibiteurs de l'aromatase;Comprimé;;Ne pas écraser ni croquer;;;Non;Notice patient;;A prendre de préférence à heure fixe (uniquement pour favoriser l'observance).;Juvise Pharmaceuticals 31-03-2022 : écrasement déconseillé car pas d'étude, mais le comprimé est petit et généralement avalé sans difficulté. Peu hydrosoluble.
ANETHOLTRITHIONE 12,5 et 25 mg (Sulfarlem);Produits divers pour le tube digestif et le métabolisme;Comprimé;;Ne pas écraser ni croquer;;;Non;Thériaque 03/2023;;A prendre pendant les repas.;
APIXABAN 2,5 et 5 mg (Eliquis);Inhibiteurs directs du facteur Xa;Comprimé;;Écrasement possible;;Prise possible avec de l’eau<br>Prise possible avec un jus d’orange<br>Prise possible avec du lait<br>Prise possible avec de la compote<br>Prise possible avec un yaourt<br>;Non;RCP;;Les comprimés écrasés sont stables dans l'eau, le glucose à 5%, le jus ou la compote de pomme pendant au moins 4 heures. Eviter le jus de pamplemousse.;
APREPITANT 80 et 125 mg (Emend);Autres antiémétiques;Gélule;;Ne pas ouvrir;;;Poudre pour suspension buvable;RCP;Ouvrable selon ANSM 11/03/26;"ANSM 11/03/26 : ""Pour les patients de plus de 40 kg qui ont des difficultés à avaler les gélules, les gélules d’aprépitant 125 mg comme 80 mg peuvent être ouvertes pour une prise immédiate avec de l’eau ou des aliments."" https://ansm.sante.fr/actualites/tensions-en-emend-125-mg-aprepitant-buvable-lansm-prend-des-mesures-pour-assurer-la-continuite-de-traitement-des-enfants ";
ARIPIPRAZOLE 5, 10 et 15 mg (Abilify);Autres antipsychotiques;Comprimé;;Ne pas écraser ni croquer;;;Comprimés orodispersibles, solution buvable;Thériaque 03/2023;Ecrasable selon HUG 03/2023;A prendre de préférence à heure fixe. Eviter le jus de pamplemousse.;
ARTEMETHER / LUMEFANTRINE 20/120 mg (Riamet);Artémisinine et dérivés en association;Comprimé;;Écrasement possible;;Prise possible avec de l’eau<br>;Non;RCP;;A prendre au cours des repas ou avec une boisson lactée pour améliorer l'absorption. Eviter le jus de pamplemousse.;Novartis 16-03-2022 : cf. RCP
ARTENIMOL / PIPERAQUINE 40/320 mg (Eurartesim);Artémisinine et dérivés en association;Comprimé;;Écrasement possible;;Prise possible avec de l’eau<br>Prise immédiate après préparation<br>;Non;RCP;;Les comprimés écrasés peuvent être mélangés à de l'eau. A prendre ≥ 3h après le dernier repas et ne pas manger pendant ≤ 3h après la prise.;
ATAZANAVIR 150, 200 et 300 mg (Reyataz);Inhibiteurs de protéase;Gélule;;Ne pas ouvrir;;;Non;RCP;Ouvrable selon HUG 03/2023;Eviter le jus de pamplemousse.;Bristol Myers Squibb 28-02-2022 : cf. RCP
ATENOLOL / CHLORTALIDONE 50/12,5 mg (Tenoretic);Bêta-bloquants sélectifs et autres diurétiques;Comprimé sécable;;Ne pas écraser ni croquer;;;Non;Réponse laboratoire;Ecrasable selon HUG 03/2023;A prendre de préférence le matin ou à heure fixe.;AstraZeneca 06-04-2022 : écrasement déconseillé car pas d'étude.
ATENOLOL / NIFEDIPINE 50/20 mg (génériques);Bêta-bloquants et inhibiteurs du canal de calcium;Gélule LP;;?;;;Non;;;A prendre de préférence le matin ou à heure fixe.;En attente (Biogaran)
ATENOLOL 50 et 100 mg (Tenormine);Bêta-bloquants sélectifs;Comprimé sécable;;Écrasement possible;Goût désagréable;Prise possible avec de l’eau<br>Prise immédiate après préparation<br>;Non;Réponse laboratoire;;A prendre de préférence le matin ou à heure fixe.;AstraZeneca 02-10-2020 : pas d'étude mais possible en cas de besoin si administration immédiate. Hydrosoluble et amer.
ATORVASTATINE 10, 20, 40, 80 mg (Tahor);Inhibiteurs de l'HMG-CoA reductase (statines);Comprimé;;Ne pas écraser ni croquer;;Prise possible avec de l’eau<br>;Comprimés à croquer;Notice patient;;A prendre de préférence à heure fixe. Eviter le jus de pamplemousse.;Pfizer 04-08-2020 : écrasement déconseillé mais une étude est favorable à la mise en suspension, bien qu'elle soit moins bien tolérée. Peu hydrosoluble et photosensible.
ATOVAQUONE / PROGUANIL 62,5/25 et 250/100 mg (Malarone);Biguanides;Comprimé;;Écrasement possible;;Prise possible avec de l’eau<br>;Non;RCP;;A administrer à heure fixe pendant les repas ou avec une boisson lactée pour améliorer l'absorption.;
AZATHIOPRINE 25 et 50 mg (Imurel);Autres immunosuppresseurs;Comprimé ou comprimé sécable;oui;Ne pas écraser ni croquer;;;Non;RCP;;PA cytotoxique. Mieux toléré si pris pendant les repas, sans prendre de lait ni produits laitiers (≥ 1h avant ou ≥ 2h après). Ne pas diviser le comprimé en deux sauf cas particuliers (cf RCP).;ASPEN Pharma 22-02-2022 : non-écrasable car cytotoxique. Peut être dispersé dans 10 mL d'eau en 5 min pour administration par SNG.
AZITHROMYCINE 250 et 600 mg (Zithromax);Macrolides;Comprimé;;Écrasement possible;Goût désagréable;Prise possible avec de l’eau<br>Prise immédiate après préparation<br>;Comprimés dispersibles, poudre pour suspension buvable;Réponse laboratoire;;;Pfizer 04-08-2020 : pas d'étude mais pas d'opposition à l'écrasement si administration immédiate. Le pelliculage masque le goût amer. Photosensible.
BACLOFENE 10 mg (Lioresal);Autres myorelaxants à action centrale;Comprimé sécable;;Ne pas écraser ni croquer;;;Solution buvable (AAC);Notice patient;Ecrasable selon HUG 03/2023;A prendre pendant les repas.;Novartis 16-03-2022 : cf. RCP
BAMBUTEROL 10 mg (Oxeol);Agonistes sélectifs des récepteurs β2 adrénergiques;Comprimé sécable;;Ne pas écraser ni croquer;;;Non;Réponse laboratoire;;A prendre avant le coucher.;AstraZeneca 06-04-2022 : écrasement déconseillé car pas d'étude. Il s'agit d'un comprimé sans pelliculage, enrobage, dragéification ou tout autre procédé galénique particulier. 
BENAZEPRIL / HYDROCHLOROTHIAZIDE 10/12,5 mg (Cibadrex) ;Inhibiteurs de l'enzyme de conversion de l'angiotensine et diurétiques;Comprimé sécable;;Ne pas écraser ni croquer;Goût désagréable;;Non;Réponse laboratoire;;;Viatris 17-02-2023 : écrasement déconseillé car pas d'étude.
BENAZEPRIL 5 et 10 mg (génériques);Inhibiteurs de l'enzyme de conversion de l'angiotensine sans association;Comprimé ou comprimé sécable;;Ne pas écraser ni croquer;Goût désagréable;;Non;Réponse laboratoire;;;Arrow 21-03-2023 : écrasement déconseillé car pas d'étude.
BENZYLTHIOURACILE 25 mg (Basdene);Thiouraciles;Comprimé;;Ne pas écraser ni croquer;Goût désagréable;;Non;Réponse laboratoire;;A prendre de préférence pendant les repas.;Bouchara-Recordati 23-03-2022 : écrasement déconseillé car pas d'étude
BETA-CAROTENE / MYRTILLE EXTRAIT ANTHOCYANOSIDIQUE 5/100 mg  (Difrarel);Autres stabilisateurs de capillaires;Comprimé;;Ne pas écraser ni croquer;Goût désagréable;Prise possible avec de l’eau<br>;Non;RCP;Ecrasable selon laboratoire;;Biocodex 25-02-2022 : peut être écrasé si besoin, mais mauvais goût.
BETAHISTINE 8, 16 et 24 mg (Serc, Betaserc, Lectil);Antivertigineux;Comprimé ou comprimé sécable;;Ne pas écraser ni croquer;;;Non;Notice patient;;A prendre pendant les repas pour améliorer la tolérance.;Viatris 17-02-2023 : écrasement déconseillé car pas d'étude.
BETAXOLOL 20 mg (Kerlone);Bêta-bloquants sélectifs;Comprimé sécable;;Ne pas écraser ni croquer;;;Non;Notice patient;;;Cheplapharm 14-03-2022 : cf. RCP
BEZAFIBRATE 200 mg (Befizal);Fibrates;Comprimé;;Écrasement possible;Goût désagréable;Prise possible avec de l’eau<br>;Non;Réponse laboratoire;;A prendre de préférence pendant les repas.;Arrow 15-03-2022 : écrasement déconseillé, mais des études suggèrent sur un écrasement possible. Goût amer.
BEZAFIBRATE LP 400 mg (Befizal LP);Fibrates;Comprimé LP;;Ne pas écraser ni croquer;;;Non;Galénique;;A prendre de préférence pendant les repas.;
BICALUTAMIDE 50 mg (Casodex);Anti-androgènes;Comprimé;oui;Ne pas écraser ni croquer;Goût désagréable;;Non;Réponse laboratoire;Ecrasable selon HUG 03/2023;A prendre de préférence à heure fixe (uniquement pour favoriser l'observance).;Juvise Pharmaceuticals 31-03-2022 : écrasement déconseillé car pas d'étude. Très peu hydrosoluble.
BICTEGRAVIR / EMTRICITABINE / TENOFOVIR 30/120/15 mg (Biktarvy);Antiviraux pour le traitement des infections au VIH en association;Comprimé;;Ne pas écraser ni croquer;;;Non;RCP;;A prendre avec ou sans nourriture. Eviter le jus de pamplemousse.;Gilead 3-04-2025 : le fait d’écraser les comprimés de Biktarvy® 30 mg/120 mg/15 mg et de les disperser dans un milieu liquide n’a pas été étudié et n’est pas recommandé.
BICTEGRAVIR / EMTRICITABINE / TENOFOVIR 50/200/25 mg (Biktarvy);Antiviraux pour le traitement des infections au VIH en association;Comprimé;;Ne pas écraser ni croquer;Goût désagréable;Prise possible avec de l’eau<br>Prise immédiate après préparation<br>;Non;RCP;;A prendre avec ou sans nourriture. Eviter le jus de pamplemousse.;Gilead 25-05-2025 : Seul le dosage Biktarvy® 50 mg/200 mg/25 mg (qui n’est pas exclusivement adulte) a fait l’objet d’une étude de son administration en écrasant les comprimés ou en les dispersant dans un milieu liquide par rapport à un comprimé entier.
BIPERIDENE LP 4 mg (Akineton LP);Amines tertiaires;Comprimé LP;;Ne pas écraser ni croquer;;;Non;Réponse laboratoire;;A prendre le matin.;DB Pharma 21-02-2022 : pas d'informations complémentaires au RCP
BISACODYL 5 mg (Contalax, Dulcolax);Laxatifs de contact;Comprimé GR;;Ne pas écraser ni croquer;;;Suppositoires;RCP;;PA irritant.;
"BISOPROLOL / HYDROCHLOROTHIAZIDE 2,5/6,25 ; 5/6,25 et 10/6,25 mg (Lodoz)";Bêta-bloquants sélectifs et autres diurétiques;Comprimé;;Ne pas écraser ni croquer;Goût désagréable;;Non;RCP;;A prendre le matin.;
"BISOPROLOL 1,25 ; 2,5 ; 3,75 ; 5 ; 7,5 et 10 mg (Cardensiel, Detensiel)";Bêta-bloquants sélectifs;Comprimé ou comprimé sécable;;Ne pas écraser ni croquer;Goût désagréable;;Non;RCP;;A prendre le matin.;
BOSENTAN 62,5 et 125 mg (Tracleer);Antihypertenseurs pour l'hypertension artérielle pulmonaire;Comprimé;oui;Ne pas écraser ni croquer;;;Comprimés dispersibles;Réponse laboratoire;Ecrasable selon HUG 03/2023;;Janssen 09-03-2022 : écrasement déconseillé car pas d'étude
BRIVARACETAM 10, 25, 50, 75 et 100 mg (Briviact);Autres antiépileptiques;Comprimé;;;;;Solution buvable;Réponse laboratoire;"Briviact : 
Ecrasable selon HUG 03/2023";Dose administrée en 2 prises égales à environ 12 heures d'intervalle. ;UCB 28-01-2026 : écrasement déconseillé car pas d'étude.
BROMAZEPAM 1,5 et 6 mg (Lexomil);Dérivés des benzodiazépines;Comprimé ou comprimé sécable;;Ne pas écraser ni croquer;;;Non;Réponse laboratoire;;;Cheplapharm 14-03-2022 : écrasement déconseillé car pas d'étude.
BROMOCRIPTINE 2,5 mg (Parlodel);Agonistes dopaminergiques;Comprimé sécable;;Ne pas écraser ni croquer;;;Non;Réponse laboratoire;;A prendre pendant les repas pour améliorer la tolérance digestive. Eviter le jus de pamplemousse.;Viatris 17-02-2023 : écrasement déconseillé car pas d'étude.
BROMOCRIPTINE 5 et 10 mg (Parlodel);Agonistes dopaminergiques;Gélule;;Ne pas ouvrir;;;Non;Réponse laboratoire;;A prendre pendant les repas pour améliorer la tolérance digestive. Eviter le jus de pamplemousse.;Viatris 17-02-2023 : écrasement déconseillé car pas d'étude.
BUDESONIDE 3 et 9 mg (Entocort, Mikicort);Corticostéroïdes locaux;Gélule GR;;Ne pas ouvrir;;;Non;RCP;;A prendre en une seule prise le matin;
BUMETANIDE 1 et 5 mg (Burinex);Sulfamides non associés;Comprimé sécable;;Écrasement possible;Goût désagréable;Prise possible avec de l’eau<br>Prise immédiate après préparation<br>;Non;Réponse laboratoire;;;Alloga 21-04-2022 : écrasement possible si administration immédiate. Photosensible, peu soluble et légèrement amer.
BUSULFAN 2 mg (Myleran);Sulfonates d'alkyle;Comprimé;oui;Ne pas écraser ni croquer;;;Non;Réponse laboratoire;;PA cytotoxique. Manipuler les comprimés avec précaution et éviter autant que possible un contact prolongé avec la main.;ASPEN Pharma 22-02-2022 : des protocoles existent pour réaliser un sirop à partir des comprimés, en suivant les précautions d'usage de manipulation des produits cytotoxiques.
CAFEINE / ERGOTAMINE 100/1 mg (Gynergene cafeine);Alcaloïdes de l'ergot de seigle;Comprimé;;?;;;Non;;;Eviter le jus de pamplemousse.;En attente (Centre de Specialites Pharmaceutiques)
CALCITRIOL 0,25 µg (Rocaltrol);Vitamine D et analogues;Capsule molle;;Ne pas ouvrir;;;Non;RCP;;;
CALCIUM / CHOLECALCIFEROL 600 mg / 400 UI (Caltrate vitamine D3);Calcium en association avec vitamine D et/ou d'autres médicaments;Comprimé;;Écrasement possible;;Prise possible avec de l’eau<br>;Comprimés effervescents, dispersibles, à sucer ou à croquer, poudre orale;Réponse laboratoire;;A prendre à distance des repas;GSK 15-02-2022 : écrasement possible si besoin
CALCIUM CARBONATE 600 mg (Caltrate);Calcium;Comprimé;;Écrasement possible;;Prise possible avec de l’eau<br>;Comprimés effervescents, dispersibles, à sucer ou à croquer, poudre orale;Réponse laboratoire;;A prendre à distance des repas;GSK 15-02-2022 : écrasement possible si besoin
CANDESARTAN / HYDROCHLOROTHIAZIDE 8/12,5 et 16/12,5 mg (Hytacand);Antagonistes de l'angiotensine II et diurétiques;Comprimé;;Ne pas écraser ni croquer;Goût désagréable;;Non;Réponse laboratoire;;A prendre de préférence à heure fixe.;Cheplapharm 14-03-2022 : écrasement déconseillé car pas d'étude.
CANDESARTAN 4, 8, 16 et 32 mg (Atacand);Antagonistes de l'angiotensine II non associés;Comprimé sécable;;Ne pas écraser ni croquer;;;Non;Réponse laboratoire;Ecrasable selon HUG 03/2023;;Cheplapharm 14-03-2022 : écrasement déconseillé car pas d'étude.
CAPECITABINE 150 et 500 mg (Xeloda);Analogues de la pyrimidine;Comprimé;oui;Ne pas écraser ni croquer;Goût désagréable;;Non;RCP;Ecrasable selon HUG 03/2023;"PA cytotoxique. A prendre 30 min après les repas.
D'après HUG 03/2023 : Cpr galéniquement écrasables mais toxicité pour le manipulateur. Mesures de protection : gants, lunettes, masque et surblouse. Éviter de faire écraser les cpr à une femme 
enceinte (médicament tératogène).";Roche 21-02-2022 : écrasement déconseillé, risque d'effets indésirables (cf RCP)
CAPTOPRIL / HYDROCHLOROTHIAZIDE 50/25 mg (génériques);Inhibiteurs de l'enzyme de conversion de l'angiotensine et diurétiques;Comprimé sécable;;Ne pas écraser ni croquer;Goût désagréable;;Non;Réponse laboratoire;;A prendre de préférence le matin ou à heure fixe.;Arrow 15-03-2022 : écrasement déconseillé car pas d'étude.
CAPTOPRIL 25 et 50 mg (génériques);Inhibiteurs de l'enzyme de conversion de l'angiotensine sans association;Comprimé sécable;;Écrasement possible;;Prise possible avec de l’eau<br>;Solution buvable;Réponse laboratoire;;A prendre de préférence le matin ou à heure fixe.;Arrow 15-03-2022 : écrasement déconseillé, mais les études rapportent un écrasement possible.
CARBAMAZEPINE 200 mg (Tegretol);Dérivés du carboxamide;Comprimé sécable;;Ne pas écraser ni croquer;;;Suspension buvable;RCP;Ecrasable selon HUG 03/2023;Eviter le jus de pamplemousse.;Novartis 16-03-2022 : cf RCP
CARBAMAZEPINE LP 200 et 400 mg (Tegretol LP);Dérivés du carboxamide;Comprimé sécable LP;;Ne pas écraser ni croquer;;;"⚠ Non LP ⚠
Suspension buvable";RCP;;Eviter le jus de pamplemousse.;Novartis 16-03-2022 : cf RCP
CARBIMAZOLE 5 et 20 mg (Neo-mercazole);Dérivés imidazolés soufrés;Comprimé;;Ne pas écraser ni croquer;;;Non;Notice patient;Ecrasable selon HUG 03/2023;;En attente (Centre de Specialites Pharmaceutiques)
"CARVEDILOL 6,25 ; 12,5 et 25 mg (Kredex)";Alpha et bêta-bloquants;Comprimé sécable;;Ne pas écraser ni croquer;;;Non;Réponse laboratoire;;A prendre à heure fixe, au moment des repas pour améliorer la tolérance.;Cheplapharm 14-03-2022 : écrasement déconseillé car pas d'étude.
CEFALEXINE 500 et 1000 mg (Keforal);Céphalosporines de première génération;Comprimé;;Ne pas écraser ni croquer;Goût désagréable;;Suspension buvable;Réponse laboratoire;;A prendre de préférence en dehors des repas. Ne pas prendre avec du lait.;Sciencex 07-04-2022 : écrasement déconseillé car pas d'étude. Goût désagréable.
CEFIXIME 200 mg (Oroken);Céphalosporines de troisième génération;Comprimé;;Ne pas écraser ni croquer;;;Poudre pour suspension buvable;Réponse laboratoire;;;Sanofi 23-03-2022 : écrasement déconseillé car pas d'étude
CEFPODOXIME 100 mg (Orelox);Céphalosporines de troisième génération;Comprimé;;Ne pas écraser ni croquer;Goût désagréable;;Poudre pour solution buvable;Réponse laboratoire;;A prendre pendant les repas;Sanofi 23-03-2022 : écrasement déconseillé car pas d'étude
CEFUROXIME 125, 250 et 500 mg (Zinnat);Céphalosporines de deuxième génération;Comprimé;;Ne pas écraser ni croquer;Goût désagréable;;Granulés pour suspension buvable;RCP;Ecrasable selon HUG 03/2023;A prendre après les repas pour améliorer l'absorption.;
CELECOXIB 100 et 200 mg (Celebrex);Coxibs;Gélule;;Ouverture possible;;Prise possible avec de la compote<br>Prise possible avec un yaourt<br>;Non;RCP;;A prendre de préférence à heure fixe. Peut être vidé sur de la nourriture semi-solide (compote, yaourt, purée) et avalé immédiatement avec un verre d’eau.;
CELIPROLOL 200 mg (Celectol);Bêta-bloquants sélectifs;Comprimé;;Ne pas écraser ni croquer;;;Non;Notice patient;;A prendre de préférence de matin, ≥ 30 min avant ou ≥ 2h après les repas.;Cheplapharm 14-03-2022 : écrasement déconseillé car pas d'étude.
CENOBAMATE 12,5, 25, 50, 100, 15 et 200 mg (Ontozry);Autres antiépileptiques;Comprimé;;Écrasement possible;;;Non;Notice patient;;A prendre une fois par jour approximativement à la même heure, pendant ou en dehors des repas. Peut être administré par sonde nasogastrique.;
CETIRIZINE 10 mg (Zyrtecset);Dérivés de la pipérazine;Comprimé sécable;;Ne pas écraser ni croquer;;;Solution buvable en gouttes, comprimés à sucer;Réponse laboratoire;;;UCB Pharma 24-02-2022 : écrasement déconseillé car pas d'étude.
CHLORAMBUCIL 2 mg (Chloraminophène);Analogues des moutardes azotées ;Gélule;oui;Ne pas ouvrir;;;Non;Notice patient;;A prendre à jeun. PA cytotoxique.;Laboratoires Techni-pharma 08-03-2022 : gélule non ouvrable
CHLOROQUINE 100 mg (Nivaquine);Aminoquinoléïnes;Comprimé sécable;;Écrasement possible;Goût désagréable;Prise possible avec de l’eau<br>Prise possible avec un jus d’orange<br>Prise possible avec du lait<br>Prise possible avec de la compote<br>Prise possible avec un yaourt<br>;Non;RCP;;A prendre en fin de repas, de préférence le matin ou le midi. Mélangeable à un yaourt ou un liquide sucré.;Sanofi 23-03-2022 : cf. RCP
CHLORPROMAZINE 25 et 100 mg (Largactil);Phénothiazines à chaîne latérale aliphatique;Comprimé sécable;;Ne pas écraser ni croquer;;;Solution buvable en gouttes;Réponse laboratoire;;;Sanofi 23-03-2022 : écrasement déconseillé car pas d'étude
CHONDROITINE 400 mg (Chondrosulf);Autres anti-inflammatoires antirhumatismaux non stéroïdiens;Gélule;;Ne pas ouvrir;;;Gel oral;RCP;;A prendre de préférence pendant les repas.;
CIBENZOLINE 130 mg (Exacor);Autres antiarythmiques de classe I et III;Comprimé sécable;;Ne pas écraser ni croquer;;;Non;Réponse laboratoire;;;Laboratoire XO 14-02-2022 : écrasement déconseillé en l'absence de données
CICLOSPORINE 10, 25, 50 et 100 mg (Neoral);Inhibiteurs de la calcineurine;Capsule molle;;Ne pas ouvrir;;;Solution buvable;RCP;;A prendre à heure fixe. Eviter le jus de pamplemousse.;Novartis 16-03-2022 : cf. RCP
CINACALCET 30, 60 et 90 mg (Mimpara);Autres antiparathyroïdiens;Comprimé;;Ne pas écraser ni croquer;;;Granulés en gélule ouvrable;RCP;Ecrasable selon HUG 03/2023;A prendre pendant ou en fin de repas.;
CIPROFIBRATE 100 mg (Lipanor);Fibrates;Gélule;;Ne pas ouvrir;;;Non;Réponse laboratoire;;;Sanofi 23-03-2022 : ouverture déconseillée car pas d'étude
CIPROFLOXACINE 250, 500 et 750 mg (Ciflox);Fluoroquinolones;Comprimé sécable;;Ne pas écraser ni croquer;Goût désagréable;;Granulés pour suspension buvable;RCP;;Ne pas prendre avec des produits laitiers ou boissons enrichies en calcium.;Bayer 03-08-2020 : broyage déconseillé car goût amer. Peut être utilisé en SNG.
CITALOPRAM 20 mg (Seropram);Inhibiteurs sélectifs de la recapture de la sérotonine (ISRS);Comprimé sécable;;Ne pas écraser ni croquer;Goût désagréable;;Solution buvable;Notice patient;Ecrasable selon HUG 03/2023;Goût amer et photosensibilité.;Lundbeck 14-03-2022 : écrasement déconseillé car pas d'étude.
CLARITHROMYCINE 250 et 500 mg (Zeclar);Macrolides;Comprimé;;Ne pas écraser ni croquer;Goût désagréable;;Granulés pour suspension buvable;Réponse laboratoire;;;Viatris 17-02-2023 : nous recommandons d'utiliser le comprimé dans sa forme galénique initiale.
CLARITHROMYCINE LM 500 mg (Génériques);Macrolides;Comprimé LM;;Ne pas écraser ni croquer;Goût désagréable;;Pas d'équivalent LM;Réponse laboratoire;;A prendre de préférence pendant les repas.;Arrow 15-03-2022 : augmentation du risque de survenue candidose, glossite ou stomatite en cas d'écrasement.
CLINDAMYCINE 75, 150 et 300 mg (Dalacine);Lincosamides;Gélule;;Ne pas ouvrir;;;Non;RCP;Ouvrable selon HUG 03/2023;Ne convient pas aux enfants qui ne peuvent pas avaler les gélules entières.;Pfizer 14-03-2023 : écrasement déconseillé car pas d'étude.
CLOBAZAM 10 et 20 mg (Urbanyl);Dérivés des benzodiazépines;Comprimé ou comprimé sécable;;Écrasement possible;;Prise possible avec de la compote<br>;Suspension buvable;Notice patient;;Peut être écrasé dans une compote de pommes.;
CLOBAZAM 5 mg (Urbanyl);Dérivés des benzodiazépines;Gélule;;Ne pas ouvrir;;;Suspension buvable, comprimés écrasables;Réponse laboratoire;;;Sanofi 23-03-2022 : ouverture déconseillée car pas d'étude
CLOFAZIMINE 50 et 100 mg (Lamprene);Antilépreux;Capsule molle;;Ne pas ouvrir;;;Non;Galénique;;A prendre au cours des repas ou avec du lait.;Novartis 16-03-2022 : cf. RCP
CLOMIPRAMINE 10, 25 et 75 mg (Anafranil);Inhibiteurs non-sélectifs de la recapture des monoamines;Comprimé ou comprimé sécable;;Ne pas écraser ni croquer;;;Non;Réponse laboratoire;Ecrasable selon HUG 03/2023;;Alfasigma 08-04-2022 : écrasement déconseillé car pas d'étude.
CLONAZEPAM 2 mg (Rivotril);Dérivés des benzodiazépines;Comprimé sécable;;Ne pas écraser ni croquer;;;Solution buvable en gouttes;Réponse laboratoire;Ecrasable selon HUG 03/2023;;Cheplapharm 14-03-2022 : écrasement déconseillé car pas d'étude.
CLONIDINE 0,15 mg (Catapressan);Agonistes des récepteurs de l'imidazoline;Comprimé sécable;;Ne pas écraser ni croquer;Goût désagréable;;Non;Réponse laboratoire;Ecrasable selon HUG 03/2023;;CSP 21-02-2022 : écrasement déconseillé car pas d'étude. Goût amer, PA soluble dans l'eau et l'alcool.
CLOPIDOGREL 75 et 300 mg (Plavix);Inhibiteurs de l'agrégation plaquettaire sauf héparines;Comprimé;;Ne pas écraser ni croquer;Goût désagréable;;Non;Réponse laboratoire;Ecrasable selon HUG 03/2023;A prendre à heure fixe.;Sanofi 23-03-2022 : écrasement déconseillé car pas d'étude
CLORAZEPATE 5, 10 et 20 mg (Tranxene);Dérivés des benzodiazépines;Gélule;;Ne pas ouvrir;;;Non;Réponse laboratoire;;;Sanofi 23-03-2022 : ouverture déconseillée car pas d'étude
CLOTIAZEPAM 5 et 10 mg (Veratran);Dérivés des benzodiazépines;Comprimé;;Ne pas écraser ni croquer;;;Non;Réponse laboratoire;;A prendre avec un verre d'eau.;Amdipharm 24-07-2025 : écrasement déconseillé car pas d'étude
CLOXACILLINE 500 mg (Orbenine);Pénicillines résistantes aux bêta-lactamases;Gélule;;Ne pas ouvrir;Goût désagréable;;Non;RCP;;A prendre de préférence 30 min avant les repas.;Astellas Pharma 14-03-2022 : cf. RCP
CLOZAPINE 25 et 100 mg (Leponex);Diazépines, oxazépines, thiazépines et oxépines;Comprimé sécable;;Ne pas écraser ni croquer;;;Non;Réponse laboratoire;;;Viatris 17-02-2023 : écrasement déconseillé car pas d'étude.
COBICISTAT / ELVITEGRAVIR / EMTRICITABINE / TENOFOVIR 150/150/200/245 mg (Stribild);Antiviraux pour le traitement des infections au VIH en association;Comprimé;;Ne pas écraser ni croquer;;;Non;Réponse laboratoire;Ecrasable selon HUG 03/2023;A prendre pendant les repas.;Gilead 02-03-2022 : écrasement et fractionnement déconseillé car pas d'étude interne, mais d'autres études ont montré une bioeq et tolérance similaire après écrasement.
CODEINE / EXTRAIT DE GRINDELIA / SULFOGAÏACOL 25/20/100 mg (Neo-codion);Alcaloïdes de l'opium et dérivés;Comprimé;;Ne pas écraser ni croquer;Goût désagréable;;Sirop;Réponse laboratoire;;;Bouchara-Recordati 23-03-2022 : écrasement déconseillé car pas d'étude
COLCHICINE / OPIUM / TIEMONIUM 1/12,5/50 mg (Colchimax);Médicaments sans effet sur le métabolisme de l'acide urique;Comprimé sécable;oui;Ne pas écraser ni croquer;;;Non;Réponse laboratoire;;A prendre au moment des repas. Eviter le jus de pamplemousse.;Laboratoires Mayoly Spindler 26-04-2023 : écrasement déconseillé car pas d'étude.
COLCHICINE 1 mg (Colchicine opocalcium);Médicaments sans effet sur le métabolisme de l'acide urique;Comprimé;oui : éviter l'écrasement ou l'ouverture lorsque cela est possible.;Écrasement possible;;;Non;Réponse laboratoire;; A prendre au moment des repas. Eviter le jus de pamplemousse.;Laboratoires Mayoly Spindler 27-06-2025 : peut être écrasé de façon extemporané car pas d'études. A mélanger à de l'alimentation car goût très amer.
CYAMEMAZINE 25 et 100 mg (Tercian);Phénothiazines à chaîne latérale aliphatique;Comprimé sécable;;Ne pas écraser ni croquer;;;Solution buvable en gouttes;Réponse laboratoire;;;Sanofi 23-03-2022 : écrasement déconseillé car pas d'étude
CYANOCOBALAMINE 250 µg (Vitamine B12, Gerda);Vitamine B12 (cyanocobalamine et dérivés);Comprimé sécable;;Écrasement possible;;Prise possible avec de l’eau<br>Prise immédiate après préparation<br>;Solution buvable;Réponse laboratoire;;;Substipharm 21-03-2022 : pas d'étude mais écrasement possible si administration immédiate. Photosensible et sensible à l'humidité. Peu soluble dans l'eau.
CYCLOPHOSPHAMIDE 50 mg (Endoxan);Analogues des moutardes azotées ;Comprimé;oui;Ne pas écraser ni croquer;;;Non;RCP;;PA cytotoxique. A prendre le matin à jeun avec 2 grands verres d'eau.;
CYPROHEPTADINE 4 mg (Periactine);Autres antihistaminiques à usage systémique;Comprimé;;Ne pas écraser ni croquer;Goût désagréable;;Non;Réponse laboratoire;;A prendre de préférence le soir (effet sédatif).;Teofarma 08-03-2022 : écrasement déconseillé car pas d'étude. Goût amer.
CYPROTERONE 50 et 100 mg (Androcur);Anti-androgènes non associés;Comprimé sécable;;Écrasement possible;;Prise possible avec de la compote<br>Prise possible avec un yaourt<br>;Non;Réponse laboratoire;;A prendre pendant ou en dehors des repas mais de façon constante, de préférence le repas du matin ou du soir.;Bayer 03-08-2020 : pas d'étude, peut être écrasé mais ne pas diluer.
CYSTEAMINE 50 et 150 mg (Cystagon);Acides aminés et dérivés;Gélule;;Ouverture possible;;Prise possible avec de l’eau<br>Prise possible avec du lait<br>Prise possible avec un yaourt<br>;Non;RCP;;Mélanger la poudre à des aliments comme le lait, les pommes de terre et autres produits à base d’amidon. Eviter les boissons acides comme le jus d'orange.;
DABIGATRAN 75, 110 et 150 mg (Pradaxa);Inhibiteurs directs de la thrombine;Gélule;;Ne pas ouvrir;;;Non;RCP;;Risque de surdosage et donc de saignements si ouverture de la gélule.;Boehringer 18-08-2020 : cf. RCP. Sensible à l'humidité.
DABRAFENIB 50 et 75 mg (Tafinlar);Inhibiteurs de protéine kinase;Gélule;;Ne pas ouvrir;;;Comprimés dispersibles (AAC);RCP;;A prendre à heure fixe, ≥ 1h avant ou ≥ 2h après les repas. Ne pas ouvrir les gélules en raison de l'instabilité chimique du PA.;Novartis 16-03-2022 : cf. RCP
DANTROLENE 25 et 100 mg (Dantrium);Dantrolène et dérivés;Gélule;;Ne pas ouvrir;;;Non;Notice patient;;A prendre pendant les repas.;
"DAPAGLIFLOZINE 10 mg 
(Forxiga)";"
Inhibiteurs du cotransporteur sodium-glucose de type 2 (SGLT2)
";Comprimé;;Ne pas écraser ni croquer;;;Non;RCP;Ecrasable selon HUG 03/2023;;
DAPSONE / FER 100/200 mg (Disulone);Antilépreux;Comprimé sécable;;Écrasement possible;;Prise possible avec de l’eau<br>Prise possible avec un jus d’orange<br>Prise possible avec du lait<br>Prise possible avec de la compote<br>Prise possible avec un yaourt<br>;Non;RCP;;Peut être écrasé et mélangé à un liquide ou un yaourt.;
DARUNAVIR 75, 150, 400, 600 et 800 mg (Prezista);Inhibiteurs de protéase;Comprimé;;Ne pas écraser ni croquer;;;Suspension buvable;Notice patient;Ecrasable selon HUG 03/2023;A prendre à heure fixe ≤ 30 min après les repas ou une collation. Eviter le jus de pamplemousse.;
DASATINIB 20, 50, 70, 100 et 140 mg (Sprycel);Inhibiteurs de protéine kinase;Comprimé;oui;Ne pas écraser ni croquer;;;Poudre pour suspension buvable;RCP;;A prendre à heure fixe. Ne pas écraser pour préserver le dosage et éviter le risque d'exposition cutanée. Eviter le jus de pamplemousse.;
DEFERASIROX 90, 180 et 360 mg (Exjade);Chélateurs du fer;Comprimé;;Écrasement possible;;Prise possible avec de la compote<br>Prise possible avec un yaourt<br>Prise immédiate après préparation<br>;Non;RCP;;A prendre à heure fixe à jeun ou avec un repas léger. Peut être écrasé dans un yaourt ou une compote pour administration immédiate.;Novartis 16-03-2022 : cf. RCP
DESLORATADINE 5 mg (Aerius);Autres antihistaminiques à usage systémique;Comprimé;;Ne pas écraser ni croquer;Goût désagréable;;Solution buvable;Thériaque 03/2023;;;
DEXAMETHASONE 0,5 mg (Dectancyl);Glucocorticoïdes;Comprimé;;Écrasement possible;;Prise possible avec de la compote<br>Prise possible avec un yaourt<br>;Solution buvable (AAC);RCP;;Peut être mélangé à l'alimentation.;
DEXAMETHASONE 40 mg (Neofordex);Glucocorticoïdes;Comprimé;;Écrasement possible;;Prise possible avec de l’eau<br>Prise immédiate après préparation<br>;Solution buvable;Réponse laboratoire;;;Theravia 05-05-2025 : Pas d'étude mais écrasement possible si administration immédiate. Peu soluble dans l'eau.  Disperser la poudre obtenue dans de l’eau, bien agiter et avaler immédiatement sans laisser de résidu au fond du verre
DEXCHLORPHENIRAMINE 2 mg (Polaramine);Alkylamines substituées;Comprimé sécable;;Ne pas écraser ni croquer;;;Non;Réponse laboratoire;;A prendre de préférence le soir (effet sédatif).;Bayer 30-03-2022 : écrasement déconseillé car pas d'étude
DIACEREINE 50 mg (Art);Autres anti-inflammatoires antirhumatismaux non stéroïdiens;Gélule;;Ne pas ouvrir;;;Non;RCP;;A prendre pendant les repas.;
DIAZEPAM 2, 5 et 10 mg (Valium);Dérivés des benzodiazépines;Comprimé sécable;;?;;;Solution buvable en gouttes;;Ecrasable selon HUG 03/2023; Eviter le jus de pamplemousse.;En attente (Centre de Specialites Pharmaceutiques)
DIAZOXIDE 25 et 100 mg (Proglicem);Médicaments de l'hypoglycemie;Gélule;;Ouverture possible;;Prise possible avec de la compote<br>Prise possible avec un yaourt<br>;Suspension buvable (AAC);Notice patient;;Mélangeable avec des aliments.;
DICLOFENAC 25 et 50 mg (Voltarene);Dérivés de l'acide acétique et apparentés;Comprimé GR;;Ne pas écraser ni croquer;;;Suppositoires;RCP;Ecrasable selon HUG 03/2023;A prendre de préférence pendant les repas.;Novartis 16-03-2022 : cf. RCP
DICLOFENAC LP 75 et 100 mg (Voltarene LP);Dérivés de l'acide acétique et apparentés;Comprimé LP;;Ne pas écraser ni croquer;;;"⚠ Non LP ⚠
Suppositoires";RCP;;A prendre de préférence pendant les repas.;Novartis 16-03-2022 : cf. RCP
DIETHYLCARBAMAZINE 100 mg (Notezine);Pipérazine et dérivés;Comprimé sécable;;Ne pas écraser ni croquer;;;Non;Réponse laboratoire;;A prendre de préférence après les repas.;Sanofi 23-03-2022 : écrasement déconseillé car pas d'étude
DIGOXINE 0,125 et 0,25 mg (Hemigoxine, Digoxine);Glycosides de la Digitale;Comprimé ;;Ne pas écraser ni croquer;Goût désagréable;;Solution buvable en gouttes;Réponse laboratoire;Ecrasable selon HUG 03/2023;;Teofarma 08-03-2022 : écrasement déconseillé car pas d'étude. Goût amer.
DIHYDROCODEINE LP 60 mg (Dicodin LP);Alcaloïdes naturels de l'opium;Comprimé LP;;Ne pas écraser ni croquer;Goût désagréable;;Non;RCP;;;
DILTIAZEM 60 mg (Tildiem);Dérivés de la benzothiazépine;Comprimé;;Ne pas écraser ni croquer;;;Non;RCP;;A prendre de préférence au début des repas. Eviter le jus de pamplemousse.;Sanofi 23-03-2022 : écrasement déconseillé car pas d'étude
DILTIAZEM LP 90 et 120 mg (Bi Tildiem LP);Dérivés de la benzothiazépine;Comprimé LP;;Ne pas écraser ni croquer;;;Non;RCP;;;
DILTIAZEM LP 90, 120, 200 et 300 mg (Mono Tildiem LP);Dérivés de la benzothiazépine;Gélule LP;;Ne pas ouvrir;;;Non;RCP;;A prendre à heure fixe. Eviter le jus de pamplemousse.;Sanofi 23-03-2022 : ouverture déconseillée car pas d'étude
DIMENHYDRINATE / CAFEINE 50/10 mg (Mercalm);Autres antiémétiques;Comprimé sécable;;Écrasement possible;;Prise possible avec de l’eau<br>;Sirop (sans caféine);RCP;;A prendre 30 min avant le départ. Peut être écrasé dans un verre d'eau sucrée.;
DIOSMINE 300 et 600 mg (Diovenor, Mediveine);Bioflavonoïdes;Comprimé;;?;;;Poudre pour suspension buvable;;;A prendre de préférence pendant les repas.;En attente (Elerte)
DIOSMINE 500 et 1000 mg (Daflon);Bioflavonoïdes;Comprimé;;Délitement possible;;Prise possible avec de l’eau<br>;Poudre pour suspension buvable;Thériaque 03/2023;;Peut être dissout sans l'écraser dans de l'eau. A prendre pendant les repas.;
DIPHENHYDRAMINE 90 mg (Nautamine);Ethers d'aminoalkyls;Comprimé;;Écrasement possible;;Prise possible avec de l’eau<br>;Non;RCP;;A prendre 30 min avant le départ. Peut être écrasé dans un verre d'eau.;
DIPYRIDAMOLE 75 mg (Persantine);Inhibiteurs de l'agrégation plaquettaire sauf héparines;Comprimé;;Ne pas écraser ni croquer;Goût désagréable;;Non;Réponse laboratoire;;;CSP 21-02-2022 : écrasement déconseillé car pas d'étude. Goût amer, PA très peu soluble dans l'eau mais soluble en milieu acide, et présumé photosensible.
DISOPYRAMIDE 100 mg (Rythmodan);Antiarythmiques, classe Ia;Gélule;;Ne pas ouvrir;;;Non;Réponse laboratoire;;;Cheplapharm 14-03-2022 : ouverture déconseillée car pas d'étude. Peu soluble dans l'eau.
DISOPYRAMIDE LP 125 et 250 mg (Isorythm LP);Antiarythmiques, classe Ia;Gélule LP;;Ne pas ouvrir;;;Non;Thériaque 03/2023;;;
DISOPYRAMIDE LP 250 mg (Isorythm LP);Antiarythmiques, classe Ia;Comprimé LP;;Ne pas écraser ni croquer;;;Non;Notice patient;;;Cheplapharm 14-03-2022 : cf. RCP
DISULFIRAME 500 mg (Esperal);Médicaments utilisés en cas de dépendance à l'alcool;Comprimé;;Ne pas écraser ni croquer;;;Non;Réponse laboratoire;;A prendre le matin pendant les repas, après ≥ 24h d'abstinence d'alcool.;Sanofi 23-03-2022 : écrasement déconseillé car pas d'étude
DIVALPROATE 250 et 500 mg (Depakote, Divalcote);Dérivés d'acides gras;Comprimé GR;oui;Ne pas écraser ni croquer;;;Non;Notice patient;;;
DOLUTEGRAVIR 50 mg (Tivicay);Autres antiviraux;Comprimé;;Ne pas écraser ni croquer;;;"Comprimés dispersibles
⚠ Adaptation posologique ⚠";RCP;Ecrasable selon HUG 07/2020;La biodisponibilité des comprimés dispersibles est 1,6 fois supérieure à celle des comprimés pelliculés.;
DOMPERIDONE 10 mg (Motilium);Propulsifs;Comprimé;;Ne pas écraser ni croquer;;;Comprimés orodispersibles, suspension buvable;Notice patient;;A prendre de préférence avant les repas (absorption plus rapide). Eviter le jus de pamplemousse.;
DONEPEZIL 5 et 10 mg (Aricept);Anticholinestérasiques;Comprimé;;Ne pas écraser ni croquer;Goût désagréable;;Comprimés orodispersibles;Notice patient;Ecrasable selon HUG 03/2023;A prendre avant le coucher. Eviter le jus de pamplemousse.;
DOSULEPINE 25 mg (Prothiaden);Inhibiteurs non-sélectifs de la recapture des monoamines;Gélule;;Ne pas ouvrir;;;Non;Réponse laboratoire;;;Teofarma 08-03-2022 : ouverture déconseillée car pas d'étude.
DOSULEPINE 75 mg (Prothiaden);Inhibiteurs non-sélectifs de la recapture des monoamines;Comprimé;;Ne pas écraser ni croquer;;;Non;Réponse laboratoire;;;Teofarma 08-03-2022 : écrasement déconseillé car pas d'étude.
DOXYCYCLINE 50 et 100 mg (Doxy, Doxypalu, Doxylis, Granudoxy);Tétracyclines;Comprimé sécable;;Délitement possible;;Prise possible avec de l’eau<br>;Non;RCP;;Peut être dissout sans l'écraser dans ½ verre d'eau. A prendre pendant les repas. Ne pas s'allonger jusqu'à 1 h après la prise (risque d'ulcération de l'oseophage). Ne pas prendre avec du lait (diminue l'absorption).;
DULOXETINE 30 et 60 mg (Cymbalta);Autres antidépresseurs;Gélule GR;;Ne pas ouvrir;;Prise possible avec de l’eau<br>;Non;Notice patient;Ouvrable selon HUG 03/2023;;"Lilly 06-08-2020 : la dose doit être avalée
entière afin de ne pas endommager le revêtement entérique."
DUTASTERIDE 0,5 mg (Avodart);Inhibiteurs de la 5α-réductase;Capsule molle;oui;Ne pas ouvrir;;;Non;RCP;;PA irritant pour la muqueuse oropharyngée. Ne pas faire manipuler par une femme enceinte.;
DYDROGESTERONE 10 mg (Duphaston);Dérivés pregnadiène;Comprimé;;Ne pas écraser ni croquer;;;Non;RCP;;A prendre de préférence à heure fixe.;Viatris 17-02-2023 : cf. RCP
EFAVIRENZ / EMTRICITABINE / TENOFOVIR 600/200/245 mg (génériques);Antiviraux pour le traitement des infections au VIH en association;Comprimé;;Ne pas écraser ni croquer;;;Efavirenz gélule ouvrable, Emtricitabine granulés et Tenofovir solution buvable;RCP;;A prendre en dehors des repas et de préférence le soir pour améliorer la tolérance.;
EFAVIRENZ 50, 100 et 200 mg (Sustiva);Inhibiteurs de la transcriptase inverse non nucléosidique;Gélule;;Ouverture possible;;Prise possible avec de la compote<br>Prise possible avec un yaourt<br>;Non;RCP;;A prendre en dehors des repas et de préférence le soir pour améliorer la tolérance. Peut être administré immédiatement dans une petite quantité de nourriture (1-2 cuillères à café). Ne pas manger pendant ≤ 2 heures après. ;
EFAVIRENZ 600 mg (génériques);Inhibiteurs de la transcriptase inverse non nucléosidique;Comprimé;;Ne pas écraser ni croquer;;;Gélules ouvrables;Notice patient;;A prendre en dehors des repas et de préférence le soir pour améliorer la tolérance.;
ELETRIPTAN 20 et 40 mg (Relpax);Agonistes sélectifs des récepteurs 5-HT1;Comprimé;;Ne pas écraser ni croquer;;;Non;RCP;;A prendre pendant la crise de migraine uniquement, de préférence le plus tôt possible.;
ELTROMBOPAG 25, 50 et 75 mg (Revolade);Autres hémostatiques systémiques;Comprimé;;Ne pas écraser ni croquer;;;Poudre pour suspension buvable;Notice patient;Ecrasable selon HUG 03/2023;Ne pas consommer ≤ 4h avant ou ≤ 2h après la prise d'Eltrombopag de lait et produits laitiers, d'antiacides ni de compléments minéreaux (fer, calcium, magnésium, zinc, sélénium, aluminium…).;Novartis 16-03-2022 : cf. RCP
EMPAGLIFLOZINE 10 et 25 mg (Jardiance);"
Inhibiteurs du cotransporteur sodium-glucose de type 2 (SGLT2)
";Comprimé;;Ne pas écraser ni croquer;;;Non;Réponse laboratoire;Ecrasable selon HUG 03/2023;A prendre avec ou sans aliments, avalés entiers avec de l’eau. ;Lilly 27/11/2023 : écrasement déconseillé car pas d'étude
EMTRICITABINE / RILPIVIRINE / TENOFOVIR 200/25/245 mg (Eviplera);Antiviraux pour le traitement des infections au VIH en association;Comprimé;;Ne pas écraser ni croquer;;;Non;Réponse laboratoire;;A prendre pendant les repas. Eviter le jus de pamplemousse.;Gilead 02-03-2022 : écrasement et fractionnement déconseillés car pas d'étude.
EMTRICITABINE / TENOFOVIR 200/245 mg (Truvada);Antiviraux pour le traitement des infections au VIH en association;Comprimé;;Écrasement possible;;Prise possible avec de l’eau<br>Prise possible avec un jus d’orange<br>Prise immédiate après préparation<br>;Solution buvable de Ténofovir et granulés d'Emtricitabine;Notice patient;;A prendre de préférence pendant les repas. Peut être écrasé ou délité dans un verre d'eau, de jus d'orange ou de raisin. Administration immédiate.;
EMTRICITABINE 200 mg (Emtriva);Inhibiteurs de la transcriptase inverse nucléosidique et nucléotidique;Gélule;;Ne pas ouvrir;;;"Solution buvable
⚠ Adaptation posologique ⚠";RCP;Ouvrable selon HUG 03/2023;La prise d'une gélule de 200 mg équivaut à la prise de 240 mg via la solution buvable.;
ENALAPRIL / HYDROCHLOROTHIAZIDE 20/12,5 mg (Co-Renitec);Inhibiteurs de l'enzyme de conversion de l'angiotensine et diurétiques;Comprimé;;?;;;Non;;;;En attente (Organon)
ENALAPRIL 5 et 20 mg (Renitec);Inhibiteurs de l'enzyme de conversion de l'angiotensine sans association;Comprimé sécable;;?;;;Non;;;;En attente (Organon)
ENTACAPONE 200 mg (Comtan);Autres dopaminergiques;Comprimé;;Écrasement possible;Goût désagréable;;Non;Notice patient;Ecrasable selon HUG 03/2023;;"Centre Spécialités Pharmaceutiques 13-09-2022 : At occasional need COMTAN may be crushed for immediate administration via a nasogastric or PEG tube, and the tube rinsed thereafter. 
It is also possible to dissolve it in e.g. apple juice for an occasional need of immediate administration via tube. [,,,] Patients should not chew and crush COMTAN tablets in their mouth due to a likely discoloration of mouth and teeth. "
ENTECAVIR 0,5 et 1 mg (Baraclude);Inhibiteurs de la transcriptase inverse nucléosidique et nucléotidique;Comprimé;oui;Ne pas écraser ni croquer;;;Solution buvable;RCP;Ecrasable selon HUG 03/2023;Peut nécessiter d'être pris à jeun (≥ 2h à distance des repas) dans les formes compliquées d'hépatite.;Bristol Myers Squibb 28-02-2022 : cf. RCP
EPLERENONE 25 et 50 mg (Inspra);Antagonistes de l'aldostérone;Comprimé;;Ne pas écraser ni croquer;;;Non;Thériaque 03/2023;Ecrasable selon HUG 03/2023;Eviter le jus de pamplemousse.;En attente (Viatris)
ERLOTINIB 25, 100 et 150 mg (Tarceva);Inhibiteurs de protéine kinase;Comprimé;oui;Ne pas écraser ni croquer;;;Non;Réponse laboratoire;Ecrasable selon HUG 03/2023;A prendre ≥ 1h avant ou ≥ 2h après les repas. Eviter le jus de pamplemousse.;Roche 21-02-2022 : écrasement déconseillé car pas d'étude
ESCITALOPRAM 5, 10, 15 et 20 mg (Seroplex);Inhibiteurs sélectifs de la recapture de la sérotonine (ISRS);Comprimé ou comprimé sécable;;Ne pas écraser ni croquer;Goût désagréable;;Solution buvable en gouttes;Notice patient;;;
ESLICARBAZEPINE 800mg;Dérivés des carboxamides;Comprimé;;Écrasement possible;;Prise possible avec de l’eau<br>Prise possible avec de la compote<br>;Non;RCP;;Peut être écrasé et mélangé à de l'eau ou à des aliments semi-liquides, tels que de la compote de pommes, juste avant leur administration par voie orale;
ESOMEPRAZOLE 20 et 40 mg (Inexium);Inhibiteurs de la pompe à protons;Comprimé GR;;Délitement possible;;Prise possible avec de l’eau<br>;Granulés GR;RCP;;Peut être dissout sans l'écraser dans ½ verre d'eau plate et administré dans un délai de 30 min. Ne pas utiliser d'autre liquide pour ne pas dissoudre l'enrobage entérique.;
ESOMEPRAZOLE 20 et 40 mg (génériques);Inhibiteurs de la pompe à protons;Gélule GR;;Ouverture possible, ne pas écraser ni croquer;;Prise possible avec de l’eau<br>;Granulés GR;RCP;;Peut être vidé dans ½ verre d'eau plate et administré dans un délai de 30 min. Ne pas utiliser d'autre liquide pour ne pas dissoudre l'enrobage entérique.;
ESTERS ETHYLIQUES 90 D'ACIDES OMEGA-3 1000 mg (Omacor);Autres agents réduisant les lipides sériques;Capsule molle;;Ne pas ouvrir;;;Non;Réponse laboratoire;;A prendre de préférence pendant les repas.;Pierre Fabre 21-02-2022 : risque d'oxydation à l'air de l'huile si ouverture
ESTRAMUSTINE 140 mg (Estracyt);Autres antinéoplasiques;Gélule;oui;Ne pas ouvrir;;;Non;RCP;;A prendre ≥ 1h avant ou ≥ 2h après les repas. PA irritant et cytotoxique.;
ETAMSYLATE 250 et 500 mg (Dicynone);Autres hémostatiques systémiques;Comprimé;;Ne pas écraser ni croquer;;;Solution injectable par voie orale diluée dans ½ verre d'eau;RCP;;;
ETHAMBUTOL 500 mg (Dexambutol);Autres antituberculeux;Comprimé;;Écrasement possible;;Prise possible avec de l’eau<br>Prise possible avec un jus d’orange<br>Prise possible avec du lait<br>Prise possible avec de la compote<br>Prise possible avec un yaourt<br>;Non;RCP;;Mélangeable à l'alimentation ou une boisson.;
ETIFOXINE 50 mg (Stresam);Autres anxiolytiques;Gélule;;Ouverture possible;;Prise possible avec de l’eau<br>Prise possible avec un jus d’orange<br>Prise possible avec du lait<br>Prise possible avec de la compote<br>Prise possible avec un yaourt<br>;Non;Réponse laboratoire;;;Biocodex 09/04/2024 : Possibilité d'ouvrir les gélules. L'enveloppe sert à masquer le goût probablement amer du PA. 
ETILEFRINE 5 mg (Effortil);Adrénergiques et dopaminergiques;Comprimé;;Ne pas écraser ni croquer;;;Solution buvable en gouttes;Réponse laboratoire;;;Serb 22-03-2022 : écrasement déconseillé car pas d'étude
ETOPOSIDE 50 mg (Celltop);Dérivés de la podophyllotoxine;Capsule molle;oui;Ne pas ouvrir;;;Non;Notice patient;;A prendre à jeun.;En attente (Baxter)
"EVEROLIMUS 0,5 ; 0,75 ; 2,5 ; 5 et 10 mg (Votubia, Certican, Afinitor)";Immunosuppresseurs sélectifs;Comprimé;;Ne pas écraser ni croquer;;;Comprimés dispersibles;RCP;;A prendre à heure fixe, avec ou sans aliments mais de façon constante. PA cytotoxique. Eviter le jus de pamplemousse.;Novartis 16-03-2022 : cf. RCP
EXEMESTANE 25 mg (Aromasine);Inhibiteurs de l'aromatase;Comprimé;oui;Ne pas écraser ni croquer;;;Non;Réponse laboratoire;Ecrasable selon HUG 03/2023;PA tératogène. A prendre à heure fixe, de préférence après les repas.;Pfizer 14-03-2023 : écrasement déconseillé car pas d'étude.
EXTRAIT DE FEUILLES DE GINKGO BILOBA 40 mg (Tanakan);Autres médicaments contre la démence;Comprimé;;Écrasement possible;Goût désagréable;Prise possible avec de l’eau<br>Prise possible avec un jus d’orange<br>Prise possible avec du lait<br>Prise possible avec de la compote<br>Prise possible avec un yaourt<br>;Solution buvable;Réponse laboratoire;;A prendre pendant les repas.;Ipsen 18-02-2022 : pas d'opposition au broyage hormis le goût amer, ni au mélange avec les boissons ou aliments. PA hydrosoluble, mais certains excipients sont insolubles.
EXTRAIT DU FRUIT DE PALMIER DE FLORIDE 160 mg (Permixon);Autres médicaments de l'hypertrophie bénigne de la prostate;Gélule;;Ne pas ouvrir;Goût désagréable;;Non;Réponse laboratoire;;A prendre pendant les repas.;Pierre Fabre 21-02-2022 : risque d'oxydation et de troubles digestifs si gélule ouverte.
EXTRAIT PURIFIE DE PEPIN DE RAISIN 150 mg (Endotelon);Autres médicaments agissant sur les capillaires;Comprimé GR;;Ne pas écraser ni croquer;;;Non;Réponse laboratoire;;A prendre de préférence en dehors des repas.;Cheplapharm 14-03-2022 : écrasement déconseillé car pas d'étude.
EZETIMIBE 10 mg (Ezetrol);Autres agents réduisant les lipides sériques;Comprimé;;?;;;Non;;Ecrasable selon HUG 03/2023;;En attente (Organon)
FAMCICLOVIR 125 et 500 mg (Oravir);Nucléosides et nucléotides sauf inhibiteurs de la transcriptase inverse ;Comprimé;;?;;;Non;;;;En attente (Centre de Specialites Pharmaceutiques)
FEBUXOSTAT 80 et 120 mg (Adenuric);Uricosurique;Comprimé ;;Ne pas écraser ni croquer;;;Non;Réponse laboratoire;Ecrasable selon HUG 03/2023;Peut-être pris au cours ou en dehors des repas;MENARINI 04-01-2024 : écrasement déconseillé car pas d'étude
FELODIPINE LP 5 mg (Flodil);Dérivés de la dihydropyridine;Comprimé LP;;Ne pas écraser ni croquer;;;Non;RCP;;A prendre le matin en dehors des repas ou après un repas léger, pauvre en graisse et en sucre. Eviter le jus de pamplemousse.;AstraZeneca 06-04-2022 : cf. RCP.
FENOFIBRATE 145 et 160 mg (Lipanthyl);Fibrates;Comprimé;;Ne pas écraser ni croquer;;;Non;Notice patient;;;
FENOFIBRATE 67 et 200 mg (Lipanthyl micronisé);Fibrates;Gélule;;Ne pas ouvrir;;;Non;RCP;Ouvrable selon HUG 03/2023;A prendre pendant les repas.;Viatris 17-02-2023 : cf. RCP
FEXOFENADINE 120 et 180 mg (Allervi, Telfast);Autres antihistaminiques à usage systémique;Comprimé;;Ne pas écraser ni croquer;Goût désagréable;;Non;Réponse laboratoire;Telfast écrasable selon HUG 03/2023;;Opella 19-12-2025 : écrasement déconseillé car amère et pas d'étude
FIDAXOMICINE 200 mg (Dificlir);Antibiotiques;Comprimé;;Ne pas écraser ni croquer;;;Granulés pour suspension buvable;RCP;Ecrasable selon HUG 03/2023;;
FINASTERIDE 5 mg (Chibro-Proscar);Inhibiteurs de la 5α-réductase;Comprimé;oui;Ne pas écraser ni croquer;;;Non;RCP;;Ne pas faire manipuler de comprimé cassé par une femme enceinte;
FINGOLIMOD 0,25 et 0,5 mg (Gilenya);Immunosuppresseurs sélectifs;Gélule;;Ne pas ouvrir;;;Non;RCP;;;Novartis 16-03-2022 : cf. RCP
FLECAINIDE 100 mg (Flecaine);Antiarythmiques, classe Ic;Comprimé sécable;;Ne pas écraser ni croquer;;;Non;Réponse laboratoire;;;Viatris 17-02-2023 : écrasement déconseillé car pas d'étude.
FLECAINIDE LP 50, 100, 150 et 200 mg (Flecaine LP);Antiarythmiques, classe Ic;Gélule LP;;Ne pas ouvrir;;;Non;Réponse laboratoire;;;Viatris 17-02-2023 : écrasement déconseillé car pas d'étude.
FLUBENDAZOLE 100 mg (Fluvermal);Dérivés du benzimidazole;Comprimé sécable;;Écrasement possible;;Prise possible avec de l’eau<br>;Suspension buvable;RCP;;Peut être croqué pendant les repas.;
FLUCONAZOLE 50, 100, 150 et 200 mg (Beagyne, Triflucan);Dérivés triazolés;Gélule;oui;Ne pas ouvrir;;;Poudre pour suspension buvable;RCP;;A prendre de préférence à heure fixe.;Pfizer 04-08-2020 : ouverture déconseillée car hors-AMM. Une étude montre la possibilité d'ouvrir les gélules pour administration en SNG. Peu hydrosoluble.
FLUCYTOSINE 500 mg (Ancotil);Autres antimycosiques à usage systémique;Comprimé sécable;;Écrasement possible;;Prise possible avec de l’eau<br>Prise immédiate après préparation<br>;Non;Réponse laboratoire;;PA cytotoxique. Possibilité de broyer les comprimés si administration immédiate.;Viatris 17-02-2023 : prendre des précautions comme le port de gants, masque et lunettes de protection lors de la préparation et de l’administration. Il convient d’éviter l’exposition des femmes enceintes ou des femmes qui allaitent.
FLUDROCORTISONE 50 µg (Flucortac);Minéralocorticoïdes;Comprimé sécable;;Écrasement possible;;Prise possible avec de l’eau<br>Prise possible avec un jus d’orange<br>Prise immédiate après préparation<br>;Non;RCP;;A dissoudre dans de l'eau ou du jus de fruit. Administration immédiate car PA sensible à l'humidité.;HAC Pharma 22-02-2022 : cf RCP
FLUINDIONE 20 mg (Previscan);Antivitamines K;Comprimé sécable;;Écrasement possible;;;Non;Réponse laboratoire;;A prendre de préférence le soir.;Merck 07-05-2022 : Pas de données de stabilité après broyage, décsion du broyage laissée à l'apréciateur de l'utilisateur /!\ MTE
FLUNARIZINE 10 mg (Sibelium);Autres antimigraineux;Comprimé sécable;;Ne pas écraser ni croquer;;;Non;Réponse laboratoire;;A prendre de préférence le soir (effet sédatif).;Janssen 09-03-2022 : écrasement déconseillé car pas d'étude
FLUOXETINE 20 mg (Prozac);Inhibiteurs sélectifs de la recapture de la sérotonine (ISRS);Gélule;;Ne pas ouvrir;;;Comprimés dispersibles, solution buvable;Notice patient;;;
FLURBIPROFENE 50 et 100 mg (Cebutid);Dérivés de l'acide propionique;Comprimé;;Ne pas écraser ni croquer;;;Non;RCP;;A prendre de préférence pendant les repas.;
FLURBIPROFENE LP 200 mg (Cebutid LP);Dérivés de l'acide propionique;Gélule LP;;Ouverture possible, ne pas écraser ni croquer;;Prise possible avec de l’eau<br>;Non;RCP;;A prendre de préférence pendant les repas.;Almirall SAS France 09-05-2022 : écrasement déconseillé car pas d'étude d'efficacité, de biodisponibilité, de stabilité et de sécurité
FLUVASTATINE 20 et 40 mg (génériques);Inhibiteurs de l'HMG-CoA reductase (statines);Gélule;;Ne pas ouvrir;;;Non;RCP;;A prendre matin et soir ou seulement le soir.;
FLUVASTATINE LP 80 mg (Lescol LP);Inhibiteurs de l'HMG-CoA reductase (statines);Comprimé LP;;Ne pas écraser ni croquer;;;Non;RCP;;;Novartis 16-03-2022 : cf. RCP
FLUVOXAMINE 50 et 100 mg (Floxyfral);Inhibiteurs sélectifs de la recapture de la sérotonine (ISRS);Comprimé sécable;;Ne pas écraser ni croquer;Goût désagréable;;Non;RCP;Ecrasable selon HUG 03/2023;;Viatris 17-02-2023 : écrasement déconseillé car pas d'étude.
FOSAMPRENAVIR 700 mg (Telzir);Inhibiteurs de protéase;Comprimé;;Ne pas écraser ni croquer;;;"Suspension buvable
⚠ Administration ⚠";Notice patient;;La suspension buvable (mais pas les comprimés) doit être prise à jeun en dehors des repas chez l'adulte, et pendant les repas chez l'enfant ou l'adolescent.;
FOSINOPRIL / HYDROCHLOROTHIAZIDE 20/12,5 mg (génériques);Inhibiteurs de l'enzyme de conversion de l'angiotensine et diurétiques;Comprimé sécable;;Écrasement possible;Goût désagréable;Prise possible avec de l’eau<br>;Non;Réponse laboratoire;;;Arrow 15-03-2022 : écrasement déconseillé, mais les études rapportent un écrasement possible.
FOSINOPRIL 10 et 20 mg (génériques);Inhibiteurs de l'enzyme de conversion de l'angiotensine sans association;Comprimé sécable;;Ne pas écraser ni croquer;;Prise possible avec de l’eau<br>;Non;Réponse laboratoire;Ecrasable selon laboratoire;;Arrow 15-03-2022 : écrasement déconseillé, mais les études rapportent un écrasement possible.
FUMARATE FERREUX 66 mg (Fumafer);Préparations orales de fer bivalent;Comprimé;;Ne pas écraser ni croquer;Goût désagréable;;Solution buvable;Réponse laboratoire;;Horaire de la prise à adapter en fonction de la tolérance digestive.;Cheplapharm 14-03-2022 : écrasement déconseillé car pas d'étude. Goût amer.
FUROSEMIDE 20, 40, 500 mg (Lasilix faible, Lasilix, Lasilix special);Sulfamides non associés;Comprimé ou comprimé sécable;;Ne pas écraser ni croquer;;;Solution buvable;Réponse laboratoire;Ecrasable selon HUG 03/2023;;Sanofi 23-03-2022 : écrasement déconseillé car pas d'étude
FUROSEMIDE LP 60 mg (Lasilix retard);Sulfamides non associés;Gélule LP;;Ne pas écraser ni croquer;;;"⚠ Non LP ⚠
Solution buvable";Réponse laboratoire;;A prendre le matin avant le petit-déjeuner.;Sanofi 23-03-2022 : écrasement déconseillé car pas d'étude
GABAPENTINE 100, 300 et 400 mg (Neurontin);Autres antiépileptiques;Gélule;;Ouverture possible;Goût désagréable;Prise possible avec de l’eau<br>Prise possible avec un jus d’orange<br>Prise possible avec du lait<br>Prise possible avec de la compote<br>Prise possible avec un yaourt<br>Prise immédiate après préparation<br>;Solution buvable (AAC);Réponse laboratoire;Ouvrable selon HUG 03/2023;Goût amer.;Pfizer 04-08-2020 : ouvrable si administration immédiate. A mélanger à un aliment pour masquer l'amertume. Une étude indique que l'ouverture n'influe pas sur l'absorption.
GABAPENTINE 600 et 800 mg (Neurontin);Autres antiépileptiques;Comprimé sécable;;Ne pas écraser ni croquer;Goût désagréable;;Gélules ouvrables, solution buvable (AAC);Réponse laboratoire;Ecrasable selon HUG 03/2023;;En attente (Viatris)
GLIBENCLAMIDE 2,5 et 5 mg (génériques);Sulfonylurées;Comprimé sécable;;Ne pas écraser ni croquer;Goût désagréable;;Solution buvable (AAC);Réponse laboratoire;;A prendre au début des repas.;Arrow 04-05-2023 : écrasement déconseillé car pas d'étude, mais possible selon des sources extérieures. Goût amer.
GLICLAZIDE 80 mg (génériques);Sulfonylurées;Comprimé sécable;;?;;;Non;;Ecrasable selon HUG 03/2023;;En attente (génériques)
GLICLAZIDE LM 30, 60 mg (Diamicron);Sulfonylurées;Comprimé LM ou comprimé sécable LM;;Ne pas écraser ni croquer;;;Non;RCP;;A prendre au petit-déjeuner. Ne pas croquer (risque d'hypoglycémie).;Servier 28-02-2022 : cf. RCP
GLIMEPIRIDE 1, 2, 3 et 4 mg (Amarel);Sulfonylurées;Comprimé;;Ne pas écraser ni croquer;;;Non;Notice patient;Ecrasable selon HUG 03/2023;A prendre au début du premier repas principal de la journée.;Sanofi 23-03-2022 : écrasement déconseillé car pas d'étude
GLIPIZIDE LP 5 et 10 mg (Ozidia);Sulfonylurées;Comprimé LP;;Ne pas écraser ni croquer;;;Non;RCP;;A prendre pendant les repas, en général le petit-déjeuner.;Pfizer 14-03-2023 : cf RCP.
GRANISETRON 1 et 2 mg (Kytril);Antagonistes de la sérotonine (5-HT3);Comprimé;;Ne pas écraser ni croquer;;;Non;RCP;;;
HALOPERIDOL 1 et 5 mg (Haldol);Dérivés de la butyrophénone;Comprimé;;Ne pas écraser ni croquer;;;Solution buvable;Thériaque 03/2023;;Eviter le jus de pamplemousse.;
HYDROCHLOROTHIAZIDE 25 mg (Esidrex);Thiazidiques non associés ;Comprimé sécable;;Ne pas écraser ni croquer;;;Non;Réponse laboratoire;Ecrasable selon HUG 03/2023;;Juvise Pharmaceuticals 31-03-2022 : écrasement déconseillé car pas d'étude.
HYDROCORTISONE 10 mg ;Glucocorticoïdes;Comprimé sécable;;Écrasement possible;;Prise possible avec de la compote<br>Prise possible avec un yaourt<br>;Non;RCP;;Peut être mélangé à l'alimentation.;
HYDROMORPHONE LP 4, 8, 16 et 24 mg (Sophidone LP);Alcaloïdes naturels de l'opium;Gélule LP;;Ouverture possible, ne pas écraser ni croquer;;Prise possible avec de la compote<br>Prise possible avec un yaourt<br>Prise immédiate après préparation<br>;Non;RCP;;Peut être mélangé dans un aliment semi-solide (purée, confiture, compote, yaourt...). Ne pas dissoudre les granules pour maintenir l'enveloppe gastro-résistante. Administration immédiate.;Mundipharma 03-08-2020 : cf. RCP
HYDROQUINIDINE LP 300 mg (Serecor);Antiarythmiques, classe Ia;Gélule LP;;Ne pas ouvrir;;;Non;Notice patient;;;Sanofi 23-03-2022 : ouverture déconseillée car pas d'étude
HYDROXYCARBAMIDE 500 mg (Hydrea);Autres antinéoplasiques;Gélule;oui : éviter l'écrasement ou l'ouverture lorsque cela est possible.;Ouverture possible;;Prise possible avec de l’eau<br>Prise immédiate après préparation<br>;Non;RCP;;PA cytostatique : en cas d'ouverture porter des gants protecteurs, un masque et éviter toute inhalation ou contact avec la peau ou les muqueuses. Vider la gélule dans un verre d'eau et administrer immédiatement. ;
HYDROXYCHLOROQUINE 200 mg (Plaquenil);Autres préparations dermatologiques;Comprimé;;Ne pas écraser ni croquer;Goût désagréable;;Non;Réponse laboratoire;Ecrasable selon HUG 03/2023;A prendre après les repas.;Sanofi 23-03-2022 : écrasement déconseillé car pas d'étude
HYDROXYZINE 25 mg (Atarax);Dérivés du diphénylméthane;Comprimé ou comprimé sécable;;Ne pas écraser ni croquer;Goût désagréable;;Sirop;Réponse laboratoire;Ecrasable selon HUG 03/2023;Ne pas laisser fondre sous la langue.;UCB Pharma 24-02-2022 : écrasement déconseillé car pas d'étude. Goût amer.
IBUPROFENE / PSEUDOEPHEDRINE 200/30 mg (Rhinadvil);Sympathomimétiques;Comprimé;;Ne pas écraser ni croquer;Goût désagréable;;Non;RCP;;A prendre de préférence pendant les repas. L'écrasement majore les effets indésirables.;GSK 17-02-2022 : non-écrasable car pas d'étude. Goût amer.
IBUPROFENE 100, 200 et 400 mg (Advil, Nurofen, etc.);Dérivés de l'acide propionique;Comprimé;;Ne pas écraser ni croquer;Goût désagréable;;Comprimés orodispersibles, granulés pour suspension buvable;RCP;;A prendre de préférence pendant les repas.;GSK 17-02-2022 : non-écrasable car pas d'étude. Goût amer.
IBUPROFENE 200 et 400 mg (Advilcaps, Nurofencaps);Dérivés de l'acide propionique;Capsule molle;;Ne pas ouvrir;Goût désagréable;;Comprimés orodispersibles, granulés pour suspension buvable;RCP;;A prendre de préférence pendant les repas. L'écrasement majore les effets indésirables.;GSK 17-02-2022 : non-écrasable car pas d'étude. Goût amer.
IMATINIB 100 et 400 mg (Glivec);Inhibiteurs de protéine kinase;Comprimé ;oui;Délitement possible;;Prise possible avec de l’eau<br>Prise possible avec un jus d’orange<br>Prise immédiate après préparation<br>;Non;RCP;;PA cytotoxique. Peut être dispersé sans l'écraser dans un verre d'eau plate ou de jus de pomme (environ 50 mL pour un comprimé de 100 mg, ou 200 mL pour celui de 400 mg). Administration immédiate.;
IMIPRAMINE 10 et 25 mg (Tofranil);Inhibiteurs non-sélectifs de la recapture des monoamines;Comprimé;;?;;;Non;;;;En attente (Centre de Specialites Pharmaceutiques)
INDAPAMIDE 2,5 mg (Fludex);Sulfamides non associés;Comprimé;;Ne pas écraser ni croquer;;;Non;Réponse laboratoire;;A prendre de préférence le matin.;Servier 28-02-2022 : broyage déconseillé car pas d'étude
INDAPAMIDE LP 1,5 mg (Fludex LP);Sulfamides non associés;Comprimé LP;;Ne pas écraser ni croquer;;;Non;RCP;;A prendre de préférence le matin.;
INDOMETACINE 25 mg (Indocid);Dérivés de l'acide acétique et apparentés;Gélule;;Ouverture possible;;Prise possible avec de l’eau<br>Prise immédiate après préparation<br>;Suppositoires, suspension buvable (AAC);Réponse laboratoire;;A prendre de préférence pendant les repas pour améliorer la tolérance digestive.;HAC Pharma 22-02-2022 : ouverture possible si besoin, avec administration immédiate et protection appropriée de l'opérateur
INDOMETACINE 75 mg (Chrono-indocid);Dérivés de l'acide acétique et apparentés;Gélule LP;;Ne pas ouvrir;;Prise possible avec de l’eau<br>Prise immédiate après préparation<br>;"⚠ Non LP ⚠
Suppositoires, suspension buvable (AAC)";Notice patient;Ouvrable selon laboratoire;A prendre de préférence pendant les repas pour améliorer la tolérance digestive.;HAC Pharma 22-02-2022 : ouverture possible si nécessaire uniquement, avec administration immédiate et protection appropriée de l'opérateur
"IRBESARTAN / HYDROCHLOROTHIAZIDE 150/12,5 ; 300/12,5 et 300/25 mg (Coaprovel)";Antagonistes de l'angiotensine II et diurétiques;Comprimé;;Ne pas écraser ni croquer;Goût désagréable;;Non;Réponse laboratoire;Ecrasable selon HUG 03/2023;A prendre à heure fixe.;Sanofi 23-03-2022 : écrasement déconseillé car pas d'étude
IRBESARTAN 75, 150 et 300 mg (Aprovel);Antagonistes de l'angiotensine II non associés;Comprimé;;Ne pas écraser ni croquer;Goût désagréable;;Non;Réponse laboratoire;Ecrasable selon HUG 03/2023;A prendre à heure fixe.;Sanofi 23-03-2022 : écrasement déconseillé car pas d'étude
ISAVUCONAZOLE 100mg (Cresemba);Dérivés triazolés et tétrazolés;Gélule;;Ne pas ouvrir;;;Non;RCP;Ouvrable selon HUG 03/2023;A prendre à heure fixe pendant ou en dehors du repas.;Pfizer 28-06-2024 : Plusieurs études montrent que l'administration par sonde après ouverture des gélules atteint des concentrations équivalentes à une administration intacte des gélules.
ISONIAZIDE / PYRAZINAMIDE / RIFAMPICINE 50/300/120 mg (Rifater);Antituberculeux en associations;Comprimé;;Ne pas écraser ni croquer;Goût désagréable;;Non;Réponse laboratoire;Ecrasable selon HUG 03/2023;A prendre de préférence à jeun (≥ 30 min avant les repas).;Sanofi 23-03-2022 : écrasement déconseillé car pas d'étude
ISONIAZIDE / RIFAMPICINE 150/300 mg (Rifinah);Antituberculeux en associations;Comprimé;;Ne pas écraser ni croquer;;;Non;Réponse laboratoire;;A prendre le matin à jeun (≥ 30 min avant les repas).;Sanofi 23-03-2022 : écrasement déconseillé car pas d'étude
ISONIAZIDE 50, 150mg (Rimifon);Hydrazides;Comprimé;;Ne pas écraser ni croquer;;;Non;Réponse laboratoire;;Avaler les comprimés avec un verre d’eau, en une prise quotidienne, le matin à jeun, en respectant une durée de 30 minutes avant la prise d’aliments;Eurodep Pharma 26/06/2025 : pas de donnés concernant la possibilité d’écraser les comprimés. 
ISRADIPINE LP 2,5 et 5 mg (Icaz LP);Dérivés de la dihydropyridine;Gélule LP;;Ne pas ouvrir;;;Non;RCP;;A prendre le matin.;DB Pharma 21-02-2022 : pas d'informations complémentaires au RCP 
ITRACONAZOLE 100 mg (Sporanox);Dérivés triazolés;Gélule;;Ne pas ouvrir;;;Non;RCP;;A prendre en fin de repas. Eviter le jus de pamplemousse.;
IVABRADINE 5 et 7,5 mg (Procoralan);Autres médicaments pour le cœur;Comprimé;oui : éviter l'écrasement ou l'ouverture lorsque cela est possible.;Écrasement possible;;Prise possible avec de l’eau<br>;Non;Réponse laboratoire;;A prendre pendant les repas. Eviter le jus de pamplemousse.;Arrow 15-03-2022 : l'ensemble des sources bibliographiques rapportent un écrasement possible.
IVERMECTINE 3 mg (Stromectol);Avermectines;Comprimé;;Écrasement possible;;Prise possible avec de l’eau<br>;Non;RCP;;A prendre à jeun (≥ 2h avant ou après les repas).;
JOSAMYCINE 500 mg (Josacine);Macrolides;Comprimé;;Ne pas écraser ni croquer;;;Comprimés dispersibles, granulés pour suspension buvable;Réponse laboratoire;;;Astellas Pharma 14-03-2022 : écrasement déconseillé car pas d'étude
KETOPROFENE 25, 100 et 150 mg (Ketum, Toprec, Profenid, Profemigr, etc.);Dérivés de l'acide propionique;Comprimé ou comprimé sécable;;Ne pas écraser ni croquer;Goût désagréable;;Suppositoires, suspension buvable ;RCP;;A prendre de préférence pendant les repas ou une collation pour améliorer la tolérance digestive.;
KETOPROFENE 50 mg (Profenid);Dérivés de l'acide propionique;Gélule;;Ne pas ouvrir;Goût désagréable;;Suppositoires;RCP;;A prendre de préférence pendant les repas ou une collation pour améliorer la tolérance digestive.;
KETOPROFENE LP 100 et 200 mg (Bi profenid);Dérivés de l'acide propionique;Comprimé LP;;Ne pas écraser ni croquer;Goût désagréable;;"⚠ Non LP ⚠
Suppositoires";RCP;;A prendre de préférence pendant les repas ou une collation pour améliorer la tolérance digestive.;
KETOPROFENE LP 200 mg (Profenid LP);Dérivés de l'acide propionique;Gélule LP;;Ne pas ouvrir;Goût désagréable;;"⚠ Non LP ⚠
Suppositoires";RCP;;A prendre de préférence pendant les repas ou une collation pour améliorer la tolérance digestive.;
KETOTIFENE 1 mg (Zaditen);Autres antihistaminiques à usage systémique;Gélule;;Ne pas ouvrir;;;Solution buvable;Réponse laboratoire;;A prendre de préférence le soir pendant les repas.;Alfasigma 08-04-2022 : ouverture déconseillée car pas d'étude.
KETOTIFENE LP 2 mg (Zaditen LP);Autres antihistaminiques à usage systémique;Comprimé LP;;Ne pas écraser ni croquer;;;"⚠ Non LP ⚠
Solution buvable";RCP;;A prendre de préférence le soir pendant les repas.;
LABETALOL 200 mg (Trandate);Alpha et bêta-bloquants;Comprimé;;Ne pas écraser ni croquer;;;Non;RCP;Ecrasable selon HUG 03/2023;A prendre de préférence en fin de repas.;ASPEN Pharma 04-03-2022 : écrasement déconseillé car pas d'étude interne. 
"LACOSAMIDE 50, 100, 150 et 200 mg
(Vimpat)";Autres antiépileptiques;Comprimé;;Ne pas écraser ni croquer;;;Sirop;Réponse laboratoire;Ecrasable selon HUG 03/2023;A prendre avec ou sans nourriture.;UCB 24-04-2024 : écrasement déconseillé car pas d'étude 
LAMIVUDINE / ZIDOVUDINE 150/300 mg (Combivir);Antiviraux pour le traitement des infections au VIH en association;Comprimé sécable;;Écrasement possible;;Prise possible avec de l’eau<br>Prise possible avec un jus d’orange<br>Prise possible avec du lait<br>Prise possible avec de la compote<br>Prise possible avec un yaourt<br>Prise immédiate après préparation<br>;Solutions buvables;RCP;Ecrasable selon HUG 03/2023;Peut être écrasé et mélangé à une petite quantité de nourriture semi-solide ou de liquide. Administration immédiate. A prendre de préférence à jeun.;
LAMIVUDINE 100, 150 et 300 mg (Epivir);Inhibiteurs de la transcriptase inverse nucléosidique et nucléotidique;Comprimé;;Écrasement possible;;Prise possible avec de l’eau<br>Prise possible avec un jus d’orange<br>Prise possible avec du lait<br>Prise possible avec de la compote<br>Prise possible avec un yaourt<br>Prise immédiate après préparation<br>;Solution buvable;RCP;;Peut être écrasé et mélangé à une petite quantité de nourriture semi-solide ou de liquide. Administration immédiate.;
LANSOPRAZOLE 15 et 30 mg (Ogast);Inhibiteurs de la pompe à protons;Gélule GR;;Ouverture possible, ne pas écraser ni croquer;;Prise possible avec de l’eau<br>Prise possible avec un jus d’orange<br>Prise possible avec du lait<br>Prise possible avec de la compote<br>Prise possible avec un yaourt<br>Prise immédiate après préparation<br>;Comprimés orodispersibles;RCP;;Peut être ouvert et vidé dans un peu d'eau, de jus de pomme ou de tomate, ou saupoudrés dans un peu de nourriture semi-liquide (yaourt, compote). Administration immédiate. A prendre de préférence 30 min avant un repas.;Takeda 04-08-2020 : cf. RCP
LEDIPASVIR / SOFOSBUVIR 90/400 mg (Harvoni);Antiviraux pour le traitement des infections au VHC;Comprimé;;Ne pas écraser ni croquer;Goût désagréable;;Non;Réponse laboratoire;Ecrasable selon HUG 03/2023;Ne pas écraser car goût très amer.;Gilead 02-03-2022 : écrasement et fractionnement déconseillés car pas d'étude et goût très amer si broyé.
LEFLUNOMIDE 10, 20 et 100 mg (Arava);Immunosuppresseurs sélectifs;Comprimé;;Ne pas écraser ni croquer;;;Non;RCP;Ecrasable selon HUG 03/2023;PA cytotoxique.;Sanofi 23-03-2022 : écrasement déconseillé car pas d'étude
"LENALIDOMIDE 2,5 ; 5 ; 7,5 ; 10 ; 15 ; 20 ; 25 mg (Revlimid)";Autres immunosuppresseurs;Gélule;oui;Ne pas ouvrir;;;Non;RCP;;PA cytotoxique et tératogène. A prendre à heure fixe.;Bristol Myers Squibb 28-02-2022 : cf. RCP
LERCANIDIPINE 10 et 20 mg (Lercan, Zanidip);Dérivés de la dihydropyridine;Comprimé ou comprimé sécable;;Ne pas écraser ni croquer;;;Non;Réponse laboratoire;Zanidip : Ecrasable selon HUG 03/2023;A prendre de préférence le matin à jeun (≥ 15 min avant les repas). Eviter le jus de pamplemousse.;Bouchara-Recordati 23-03-2022 : écrasement déconseillé car pas d'étude
LETERMOVIR 240 et 480 mg (Previmys);Autres antiviraux ;Comprimé;;;;;Granulés en sachet;Réponse laboratoire;"Previmys : 
Ecrasable selon HUG 03/2023";D'après HUG 03/2023 : Cpr galéniquement écrasables mais toxicité pour le manipulateur. Mesures de protection : gants, lunettes, masque et surblouse;MSD 30/01/2026 : cf RCP.Pas d'étude.
LETROZOLE 2,5 mg (Femara);Inhibiteurs de l'aromatase;Comprimé;oui;Ne pas écraser ni croquer;;;Non;RCP;;A prendre de préférence à heure fixe.;Novartis 10-08-2020 : cf. RCP. Très peu hydrosoluble.
LEVETIRACETAM 250, 500 et 1000 mg (Keppra);Autres antiépileptiques;Comprimé ou comprimé sécable;;Ne pas écraser ni croquer;Goût désagréable;;Solution buvable, granulés;RCP;Ecrasable selon HUG 03/2023;A prendre à heure fixe avec une quantité suffisante de liquide et peuvent être pris au cours ou en dehors des repas.;UCB 07-12-2022 : les comprimés de Keppra® ne sont pas sécables. Pour information, Keppra® existe en solution buvable (100mg/ml et dans le cas ou la voie orale est indisponible, la solution à diluer pour perfusion Keppra est une alternative. 
LEVOCETIRIZINE 5 mg (Xyzall);Dérivés de la pipérazine;Comprimé;;Ne pas écraser ni croquer;;;Non;RCP;;;UCB Pharma 24-02-2022 : écrasement déconseillé car pas d'étude. 
"LEVODOPA / BENSERAZIDE 50/12,5 ; 100/25 et 200/50 mg (Modopar)";Dopa et dérivés;Gélule;;Ne pas ouvrir;;;Comprimés dispersibles;RCP;Ouvrable selon HUG 03/2023;A prendre ≥ 30 min avant les repas ou ≥ 2h après.;
LEVODOPA / BENSERAZIDE LP 100/25 mg (Modopar LP);Dopa et dérivés;Gélule LP;;Ne pas ouvrir;;;"⚠ Non LP ⚠
Comprimés dispersibles";RCP;;A prendre ≥ 30 min avant les repas ou ≥ 2h après.;
LEVODOPA / CARBIDOPA / ENTACAPONE tous dosages (Stalevo);Dopa et dérivés;Comprimé;;Ne pas écraser ni croquer;;;Non;Notice patient;Ecrasable selon HUG 03/2023;Notice patient : ne pas écraser;
LEVODOPA / CARBIDOPA 100/10 et 250/25 mg (Sinemet);Dopa et dérivés;Comprimé ;;Ne pas écraser ni croquer;;;Gel intestinal (pour stades avancés);RCP;Ecrasable selon HUG 03/2023;A prendre en fin de repas, ou avec un peu de nourriture.;
LEVODOPA / CARBIDOPA LP 100/25 et 200/50 mg (Sinemet LP);Dopa et dérivés;Comprimé LP;;Ne pas écraser ni croquer;;;"⚠ Non LP ⚠
Gel intestinal (pour stades avancés)";RCP;;A prendre en début de repas, ou avec un peu de nourriture.;
LEVOFLOXACINE 500 mg (Tavanic);Fluoroquinolones;Comprimé sécable;;Ne pas écraser ni croquer;Goût désagréable;;Non;RCP;Ecrasable selon HUG 03/2023;A prendre à distance (≥ 2h) des sels de fer, d'antiacides et de sucralfate qui peuvent diminuer l'absorption.;Sanofi 23-03-2022 : écrasement déconseillé car pas d'étude
LEVOMEPROMAZINE 25 et 100 mg (Nozinan);Phénothiazines à chaîne latérale aliphatique;Comprimé sécable;;Ne pas écraser ni croquer;;;Solution buvable en gouttes;Réponse laboratoire;Ecrasable selon HUG 03/2023;A prendre le soir ou à répartir en 3 prises au moment des repas.;Sanofi 23-03-2022 : écrasement déconseillé car pas d'étude
LEVOTHYROXINE 25, 50, 75, 100, 125, 150, 175 et 200 µg (L-Thyroxin);Hormones thyroïdiennes;Comprimé sécable;;Délitement possible;;Prise possible avec de l’eau<br>Prise immédiate après préparation<br>;Solution buvable en gouttes;RCP;;Peut être dissout sans l'écraser dans 10-15 mL d'eau jusqu'à obtenir une suspension, à administrer immédiatement avec un peu d'eau supplémentaire. A prendre le matin à jeun ≥ 30 min avant les repas. ;Sanofi 23-03-2022 : écrasement déconseillé car pas d'étude
LEVOTHYROXINE 25, 50, 75, 88, 100, 112, 125, 137, 150, 175 et 200 µg (Levothyrox) ;Hormones thyroïdiennes;Comprimé sécable;;Écrasement possible;;Prise possible avec de l’eau<br>Prise immédiate après préparation<br>;Solution buvable en gouttes;Réponse laboratoire;; A prendre le matin à jeun.;Merck 07-05-2025 : écrasement possible, à dissoudre dans 5 à 10mL d'eau, pas d'étude de stabilité, à boire immédiatement
LINEZOLIDE 600 mg (Zyvoxid);Autres antibactériens;Comprimé;;Ne pas écraser ni croquer;Goût désagréable;;Granulés pour suspension buvable;Notice patient;Ecrasable selon HUG 03/2023;;En attente (Pfizer)
LIOTHYRONINE 0,025 mg (Cynomel);Hormones thyroïdiennes;Comprimé sécable;;Ne pas écraser ni croquer;;;Non;Réponse laboratoire;;A prendre le matin à jeun.;Sanofi 23-03-2022 : écrasement déconseillé car pas d'étude
LISINOPRIL / HYDROCHLOROTHIAZIDE 20/12,5 mg (Zestoretic);Inhibiteurs de l'enzyme de conversion de l'angiotensine et diurétiques;Comprimé sécable;;Ne pas écraser ni croquer;Goût désagréable;;Non;Notice patient;Ecrasable selon HUG 03/2023;A prendre de préférence à heure fixe.;
LISINOPRIL 5 et 20 mg (Zestril);Inhibiteurs de l'enzyme de conversion de l'angiotensine sans association;Comprimé ou comprimé sécable;;Ne pas écraser ni croquer;;;Non;Notice patient;Ecrasable selon HUG 03/2023;A prendre à heure fixe.;
LITHIUM 250 mg (Teralithe);Lithium;Comprimé sécable;;Ne pas écraser ni croquer;;Prise possible avec de l’eau<br>;Non;Notice patient;Ecrasable selon HUG 03/2023;A prendre pendant les repas.;Sanofi 23-03-2022 : écrasement déconseillé car pas d'étude
LITHIUM LP 400 mg (Teralithe LP);Lithium;Comprimé sécable LP;;Ne pas écraser ni croquer;;;"⚠ Non LP ⚠
Lithium 250 mg écrasable";RCP;;A prendre le soir vers 20h pendant les repas.;
LOPERAMIDE 2 mg (Diaretyl);Antipropulsivants;Gélule;;Ne pas ouvrir;;;Comprimés orodispersibles, solution buvable;Réponse laboratoire;;;Janssen 09-03-2022 : écrasement déconseillé car pas d'étude
LOPINAVIR / RITONAVIR 100/25 et 200/50 mg (Kaletra);Antiviraux pour le traitement des infections au VIH en association;Comprimé;;Ne pas écraser ni croquer;Goût désagréable;;Solution buvable;RCP;;Eviter le jus de pamplemousse.;
LOPRAZOLAM 1 mg (Havlane);Dérivés des benzodiazépines;Comprimé sécable;;Ne pas écraser ni croquer;;;Non;Réponse laboratoire;;A prendre avant le coucher.;Sanofi 23-03-2022 : écrasement déconseillé car pas d'étude
LORATADINE 10 mg (Clarityne);Autres antihistaminiques à usage systémique;Comprimé;;Ne pas écraser ni croquer;;;Non;Réponse laboratoire;;;Bayer 19-08-2020 : écrasement déconseillé car pas d'étude.
LORAZEPAM 1 et 2,5 mg (Temesta);Dérivés des benzodiazépines;Comprimé sécable;;Ne pas écraser ni croquer;;;Non;Réponse laboratoire;Ecrasable selon HUG 03/2023;;Neuraxpharm 22-03-2022 : écrasement déconseillé car pas d'étude
LORMETAZEPAM 1 et 2 mg (Noctamide);Dérivés des benzodiazépines;Comprimé sécable;;Écrasement possible;;Prise possible avec de l’eau<br>;Non;Réponse laboratoire;;A prendre avant le coucher.;Arrow 15-03-2022 : écrasement déconseillé, mais les études rapportent un écrasement possible.
"LOSARTAN / HYDROCHLOROTHIAZIDE 50/12,5 ; 100/12,5 et 100/25 mg (Hyzaar, Fortzaar)";Antagonistes de l'angiotensine II et diurétiques;Comprimé;;Ne pas écraser ni croquer;;;Non;RCP;;A prendre à heure fixe.;Organon 30-03-2022 : écrasement déconseillé car pas d'étude
LOSARTAN 50 et 100 mg (Cozaar);Antagonistes de l'angiotensine II non associés;Comprimé;;Ne pas écraser ni croquer;Goût désagréable;Prise possible avec de l’eau<br>Prise immédiate après préparation<br>;Non;RCP;Ecrasable selon HUG 03/2023;A prendre à heure fixe.;
LOXAPINE 25, 50 et 100 mg (Loxapac);Diazépines, oxazépines, thiazépines et oxépines;Comprimé;;Ne pas écraser ni croquer;;;Solution buvable;RCP;;A prendre en une seule prise le soir ou à répartir au cours de la journée.;Laboratoires Eisai 11-03-2022 : ne pas écraser les comprimés
MAGNESIUM / PYRIDOXINE 48/5 mg (Magne B6);Magnésium;Comprimé;;Ne pas écraser ni croquer;;;Solution buvable (Spasmag);Thériaque 03/2023;;;
MAGNESIUM 100 mg (Mag 2);Magnésium;Comprimé;;Ne pas écraser ni croquer;;;Solution buvable, poudre pour solution buvable;Réponse laboratoire;;;Cooper 22-03-2022 : écrasement déconseillé car pas d'étude
MANIDIPINE 10 et 20 mg (Iperten);Dérivés de la dihydropyridine;Comprimé;;Ne pas écraser ni croquer;;;Non;RCP;;A prendre le matin après le petit-déjeuner. Eviter le jus de pamplemousse.;
MAPROTILINE 25 et 75 mg (Ludiomil);Inhibiteurs non-sélectifs de la recapture des monoamines;Comprimé ou comprimé sécable;;?;;;Non;;;;En attente (Centre de Specialites Pharmaceutiques)
MARAVIROC 25, 75, 150 et 300 mg (Celsentri);Autres antiviraux;Comprimé;;Ne pas écraser ni croquer;;;Solution buvable;Réponse laboratoire;Ecrasable selon HUG 03/2023;Eviter le jus de pamplemousse.;GSK 20-03-2023 : écrasement déconseillé car pas d'étude
MEBEVERINE 100 et 200 mg (Duspatalin);Anticholinergiques synthétiques, esters d'amines tertiaires;Gélule;;Ouverture possible, ne pas écraser ni croquer;;;Non;Réponse laboratoire;Ouvrable selon HUG 03/2023;A prendre avant les repas. La gélule assure une libération prolongée.;Viatris 17-02-2023 : L'ouverture des gélules est possible. Ne pas écraser les microgranules. 
MEBEVERINE 200 mg (génériques);Anticholinergiques synthétiques, esters d'amines tertiaires;Comprimé;;Ne pas écraser ni croquer;;;Non;Réponse laboratoire;;A prendre avant les repas.;Zentiva 17-02-2022 : écrasement déconseillé car pas d'étude
MEFLOQUINE 250 mg (Lariam);Alcaloïdes de la quinine;Comprimé sécable;;Écrasement possible;Goût désagréable;Prise possible avec de l’eau<br>;Non;RCP;;Peut être écrasé et dissout dans l'eau pour administration immédiate. Goût amer. Eviter le jus de pamplemousse.;Cheplapharm 14-03-2022 : cf. RCP
MEGESTROL 160 mg (Megace);Progestatifs;Comprimé;oui;?;;;Non;;;PA cytotoxique.;En attente (contacter Bausch Health Ireland Limited)
MELATONINE 1mg gélule (préparation hospitalière);Psycholeptiques;Gélule;;Ouverture possible;;;Solution buvable (préparation);Réponse laboratoire;;La mélatonine n'est pas hydrosoluble ;"Centre Lab 12-12-2023 : Les gélules peuvent être ouvertes pour récupérer la poudre. La mélatonine n’est pas hydrosoluble : mettre le contenu en suspension dans une compote ou yaourt brassé. 
"
MELOXICAM 7,5 et 15 mg (Mobic);Oxicams;Comprimé ou comprimé sécable;;Ne pas écraser ni croquer;;;Non;Réponse laboratoire;;A prendre pendant le repas.;Boehringer Ingelheim 24-02-2022 : Les comprimés se délitent facilement en bouche
MELPHALAN 2 mg (Alkeran);Analogues des moutardes azotées ;Comprimé;oui;Ne pas écraser ni croquer;;;Non;Réponse laboratoire;;PA cytotoxique. A prendre de préférence 15-30 min avant les repas pour une absorption optimale.;ASPEN Pharma 22-02-2022 : non-écrasable car cytotoxique. Molécule instable en solution, à ne pas administrer avec de la nourriture.
MEMANTINE 10 et 20 mg (Ebixa);Autres médicaments contre la démence;Comprimé ou comprimé sécable;;Écrasement possible;Goût désagréable;Prise possible avec de l’eau<br>Prise immédiate après préparation<br>;Solution buvable;Réponse laboratoire;;A prendre à heure fixe.;Lundbeck 14-03-2022 : Pas d'étude de stabilité mais écrasement et dissolution possible dans l'eau si administration immédiate. Goût amer.
MEQUITAZINE 5 et 10 mg (Primalan);Dérivés de la phénothiazine;Comprimé sécable;;Ne pas écraser ni croquer;;;Non;Réponse laboratoire;;A prendre de préférence le soir (effet sédatif).;Pierre Fabre 21-02-2022 : risque d'oxydation si écrasement.
MERCAPTOPURINE 50 mg (Purinethol);Analogues de la purine;Comprimé sécable;;Ne pas écraser ni croquer;;;Suspension buvable;Notice patient;;PA cytotoxique. A prendre ≥ 1h avant ou ≥ 3h après l'ingestion d'aliments ou de lait.;
MESALAZINE 250, 400, 500, 800, 1000 et 1600 mg (Rowasa, Fivasa);Acide aminosalicylique et  dérivés;Comprimé GR;;Ne pas écraser ni croquer;;;Granulés, suppositoires (selon indication);Thériaque 03/2023;;A prendre pendant les repas en cas de problèmes gastriques. Les suppositoires ou formes rectales n'ont pas forcément les mêmes indications que les formes orales.;En attente (Tillotts)
MESNA 400 et 600 mg (Uromitexan);Médicaments détoxifiants dans un traitement cytostatique;Comprimé sécable;;?;;;Non;;;;En attente (Baxter)
METFORMINE 500, 700, 850 et 1000 mg (Glucophage, Stagid);Biguanides;Comprimé ou comprimé sécable;;Ne pas écraser ni croquer;Goût désagréable;;Comprimés dispersibles;Notice patient;Ecrasable selon HUG 03/2023;;
METHADONE 1, 5, 20 et 40 mg (Zoryon, Méthadone AP-HP);Médicaments en cas de dépendance aux opiacés;Gélule;;Ne pas ouvrir;;;Sirop;Thériaque 03/2023;;;
METHOTREXATE 2,5 mg (Novatrex);Analogues de l'acide folique;Comprimé;oui;Ne pas écraser ni croquer;;;Non;Réponse laboratoire;;PA cytotoxique.;Pfizer 14-03-2023 : écrasement déconseillé car pas d'étude.
METHYLDOPA 250 et 500 mg (Aldomet);Méthyldopa;Comprimé;;Écrasement possible;Goût désagréable;Prise possible avec de l’eau<br>Prise immédiate après préparation<br>;Non;Réponse laboratoire;;;HAC Pharma 22-02-2022 : écrasement possible si besoin, avec administration immédiate et protection appropriée de l'opérateur
METHYLPHENIDATE 10 mg (Ritaline);Sympathomimétiques d'action centrale;Comprimé sécable;;Ne pas écraser ni croquer;;;Non;Réponse laboratoire;Ecrasable selon HUG 03/2023;A prendre de préférence ≥ 4h avant le coucher pour éviter les troubles d'endormissement.;Novartis 16-03-2022 : cf. RCP
METHYLPHENIDATE LP 10, 20, 30 et 40 mg (Ritaline LP);Sympathomimétiques d'action centrale;Gélule LP;;Ouverture possible, ne pas écraser ni croquer;;Prise possible avec de la compote<br>Prise possible avec un yaourt<br>Prise immédiate après préparation<br>;Non;RCP;;A prendre le matin. Peut être dispersé dans de la nourriture semi-solide froide (compote, yaourt) et avalé, suivi par la prise d'une boisson. Administration immédiate.;
METHYLPHENIDATE LP 18, 36 et 54 mg (Concerta LP);Sympathomimétiques d'action centrale;Comprimé LP;;Ne pas écraser ni croquer;;;Gélules LP ouvrables;RCP;;A prendre le matin.;
METHYLPREDNISOLONE 4, 16 et 100 mg (Medrol);Glucocorticoïdes;Comprimé;;Ne pas écraser ni croquer;;;⚠ Adaptation posologique ⚠ Prednisolone orodispersible;Réponse laboratoire;;A prendre pendant les repas.;Pfizer 04-08-2020 : écrasement déconseillé car pas d'étude.
METOCLOPRAMIDE 10 mg (Primperan);Propulsifs;Comprimé sécable;;Ne pas écraser ni croquer;;;Poudre pour solution buvable, suppositoires sécables;Réponse laboratoire;Ecrasable selon HUG 03/2023;;Sanofi 23-03-2022 : écrasement déconseillé car pas d'étude
METOCLOPRAMIDE LP 15 mg (Prokinyl LP);Propulsifs;Gélule LP;;Ne pas ouvrir;;;"⚠ Non LP ⚠
Poudre pour solution buvable, suppositoires sécables";Réponse laboratoire;;;Laboratoires Techni-pharma 08-03-2022 : gélule non ouvrable
METOPIMAZINE 15 mg (Vogalene);Autres antiémétiques;Gélule;;Ne pas ouvrir;;;Lyophilisat oral, solution buvable, suppositoires;RCP;;A prendre de préférence 15 min avant les repas.;
METOPROLOL / FELODIPINE LP 47,5/5 mg (Logimax LP);Bêta-bloquants et inhibiteurs du canal de calcium;Comprimé LP;;Ne pas écraser ni croquer;;;Non;Galénique;;A prendre le matin à jeun ou après un repas léger.;Bouchara-Recordati 23-03-2022 : cf. RCP
METOPROLOL 50 et 100 mg (Seloken);Bêta-bloquants sélectifs;Comprimé ou comprimé sécable;;Ne pas écraser ni croquer;;;Non;RCP;;A prendre pendant ou en fin de repas.;Bouchara-Recordati 23-03-2022 : écrasement déconseillé car pas d'étude
METOPROLOL LP 200 mg (Seloken);Bêta-bloquants sélectifs;Comprimé sécable LP;;Ne pas écraser ni croquer;;;Non;Notice patient;;A prendre pendant ou en fin de repas, de façon constante.;
METRONIDAZOLE / SPIRAMYCINE 125 mg/0,75 MUI et 250 mg/1,5 MUI (Rodogyl, Birodogyl);Antibactériens en associations;Comprimé;;Ne pas écraser ni croquer;;;Non;Réponse laboratoire;;A prendre pendant les repas.;Sanofi 23-03-2022 : écrasement déconseillé car pas d'étude
METRONIDAZOLE 250 et 500 mg (Flagyl);Dérivés nitro-imidazolés;Comprimé;;Ne pas écraser ni croquer;;;Suspension buvable;Réponse laboratoire;Ecrasable selon HUG 03/2023;;Sanofi 23-03-2022 : écrasement déconseillé car pas d'étude
METYRAPONE 250 mg (Metopirone);Test pour la fonction hypophysaire;Capsule molle;;Ne pas écraser ni croquer;;;Non;Réponse laboratoire;;A prendre avec du lait ou après un repas pour minimiser les nausées et vomissements;HRA Pharma 28-03-2023 : pas d'étude donc écrasement déconseillé.
MIANSERINE 10, 30 et 60 mg (génériques);Autres antidépresseurs;Comprimé ou comprimé sécable;;Ne pas écraser ni croquer;;Prise possible avec de l’eau<br>Prise immédiate après préparation<br>;Non;RCP;Ecrasable selon laboratoire;;"Arrow 15-03-2022 : écrasement déconseillé car effet anesthésiant de la langue, mais possible en cas de besoin si administration immédiate (photosensible).
Biogaran 29-01-2025 : écrasement impossible car pas d'étude"
MIDODRINE 2,5 mg (Gutron);Adrénergiques et dopaminergiques;Comprimé;;Ne pas écraser ni croquer;;;Solution buvable en gouttes (AAC);Réponse laboratoire;Ecrasable selon HUG 03/2023;A prendre de préférence le matin et au plus tard 4h avant le coucher.;Cheplapharm 14-03-2022 : écrasement déconseillé car pas d'étude.
MIFEPRISTONE 200 et 600 mg (Mifegyne);Antiprogestatifs;Comprimé;oui : éviter l'écrasement ou l'ouverture lorsque cela est possible.;Écrasement possible;Goût désagréable;Prise possible avec de l’eau<br>Prise possible avec un jus d’orange<br>Prise possible avec du lait<br>Prise possible avec de la compote<br>Prise possible avec un yaourt<br>;Non;Réponse laboratoire;;Ne pas prendre avec du jus de pamplemousse;Nordic pharma 14-02-2022 : pas d'étude mais écrasement possible. Mauvais goût, très peu soluble dans l'eau, soluble en milieu acide. Peut être mélangé à un yaourt ou une compote.
MILNACIPRAN 25 et 50 mg (Ixel);Autres antidépresseurs;Gélule;;Ne pas ouvrir;Goût désagréable;;Non;Réponse laboratoire;;A prendre de préférence pendant les repas.;Arrow 15-03-2022 : ouverture déconseillée car pas d'étude + goût amer.
MINOCYCLINE 100 mg (Mynocine);Tétracyclines;Gélule;;Ne pas ouvrir;;;Non;Réponse laboratoire;;A prendre pendant les repas.;Laboratoire XO 14-02-2022 : écrasement déconseillé en l'absence de données
MIRTAZAPINE 15 mg (Norset);Autres antidépresseurs;Comprimé ou comprimé sécable;;Ne pas écraser ni croquer;;;Comprimés orodispersibles;RCP;;A prendre de préférence le soir.;
MISOPROSTOL 25, 200 et 400 µg (Misoone);Prostaglandines;Comprimé ou comprimé sécable;oui;Ne pas écraser ni croquer;;;Non;Notice patient;;;Laboratoire Norgine 27-11-2025 : cf RCP.
MITOTANE 500 mg (Lysodren);Autres antinéoplasiques;Comprimé sécable;oui;Ne pas écraser ni croquer;;;Non;RCP;;A prendre pendant des repas riches en graisses. PA cytotoxique : à manipuler avec des gants jetables.;
MOCLOBEMIDE 150 mg (Moclamine);Inhibiteurs de la monamine oxydase de type A (IMAO-A);Comprimé sécable;;Écrasement possible;Goût désagréable;Prise possible avec de l’eau<br>Prise possible avec un jus d’orange<br>Prise possible avec du lait<br>Prise possible avec de la compote<br>Prise possible avec un yaourt<br>;Non;Réponse laboratoire;;A prendre en fin de repas, en évitant les prises trop tardives.;Biocodex 25-02-2022 : écrasable si besoin mais goût amer. Peut être mélangé à une boisson ou un aliment, mais éviter ceux trop acides par précaution.
MODAFINIL 100 mg (Modiodal);Sympathomimétiques d'action centrale;Comprimé;;Ne pas écraser ni croquer;;;Non;Réponse laboratoire;;;Teva 01-03-2022 : écrasement déconseillé car pas d'étude
MOLSIDOMINE 2 et 4 mg (Corvasal);Autres vasodilatateurs utilisés dans les maladies cardiaques;Comprimé ou comprimé sécable;;Ne pas écraser ni croquer;;;Non;Notice patient;Ecrasable selon HUG 03/2023;A prendre pendant les repas;Cheplapharm 14-03-2022 : écrasement déconseillé car pas d'étude.
MONTELUKAST 10 mg (Singulair);Antagonistes des récepteurs des leucotriènes;Comprimé;;Écrasement possible;Goût désagréable;Prise possible avec de l’eau<br>Prise immédiate après préparation<br>;Comprimés à croquer, granulés;Réponse laboratoire;;A prendre le soir.;MSD 19-09-2020 : Le pelliculage masque le goût amer. Thermosensible et instable dans l'eau. Administration immédiate si écrasement.
MORPHINE SULFATE 10 et 20 mg (Sevredol);Alcaloïdes naturels de l'opium;Comprimé sécable;;Ne pas écraser ni croquer;;;Solution buvable, gélules ouvrables;Notice patient;Ecrasable selon HUG 03/2023;Risque d'effets indésirables graves avec les comprimés écrasés.;Mundipharma 03-08-2020 : écrasement déconseillé car pas d'étude
MORPHINE SULFATE 5, 10, 20 et 30 mg (Actiskenan);Alcaloïdes naturels de l'opium;Gélule;;Ouverture possible, ne pas écraser ni croquer;;Prise possible avec de la compote<br>Prise possible avec un yaourt<br>Prise immédiate après préparation<br>;Solution buvable;RCP;;Peut être dispersé dans un aliment semi-solide (compote, yaourt…). Administration immédiate.;Mundipharma 03-08-2020 : écrasement déconseillé car pas d'étude
MORPHINE SULFATE LP 10, 30, 60, 100 et 200 mg (Moscontin LP);Alcaloïdes naturels de l'opium;Comprimé LP;;Ne pas écraser ni croquer;;;Gélules LP ouvrables;RCP;;Risque d'effets indésirables graves avec les comprimés écrasés.;
MORPHINE SULFATE LP 10, 30, 60, 100 et 200 mg (Skenan LP);Alcaloïdes naturels de l'opium;Gélule LP;;Ouverture possible, ne pas écraser ni croquer;;Prise possible avec de la compote<br>Prise possible avec un yaourt<br>Prise immédiate après préparation<br>;Pas d'équivalent LP;RCP;;Peut être dispersé dans un aliment semi-solide (compote, yaourt…). Administration immédiate.;
MOXIFLOXACINE 400 mg (Izilox);Fluoroquinolones;Comprimé;;Ne pas écraser ni croquer;Goût désagréable;;Non;Thériaque 03/2023;Ecrasable selon laboratoire;A prendre à heure fixe.;Bayer 21-02-2022 : écrasement possible mais goût amer, peut être mélangé à des aliments semi-liquides
MOXONIDINE 0,2 et 0,4 mg (Physiotens);Agonistes des récepteurs de l'imidazoline;Comprimé;;Ne pas écraser ni croquer;Goût désagréable;;Non;Réponse laboratoire;Ecrasable selon HUG 03/2023;A prendre de préférence à heure fixe.;Viatris 17-02-2023 : écrasement déconseillé car pas d'étude.
MYCOPHENOLATE 180 et 360 mg (Myfortic);Immunosuppresseurs sélectifs;Comprimé GR;oui;Ne pas écraser ni croquer;;;Non;RCP;;PA tératogène.;Novartis 16-03-2022 : cf. RCP
MYCOPHENOLATE 250 mg (Cellcept);Immunosuppresseurs sélectifs;Gélule;oui;Ne pas ouvrir;;;Non;RCP;;PA tératogène.;
MYCOPHENOLATE 500 mg (Cellcept);Immunosuppresseurs sélectifs;Comprimé;oui;Ne pas écraser ni croquer;;;Non;RCP;;PA tératogène.;
NABUMETONE 500 mg (Nabucox);Autres anti-inflammatoires antirhumatismaux non stéroïdiens;Comprimé;;Ne pas écraser ni croquer;;;Comprimés dispersibles;RCP;;;
NADOLOL 80 mg (Corgard);Bêta-bloquants non sélectifs;Comprimé sécable;;Ne pas écraser ni croquer;;;Non;Notice patient;;A prendre de préférence le matin.;Cheplapharm 14-03-2022 : cf. RCP
NAFTIDROFURYL 200 mg (Naftilux);Autres vasodilatateurs péripheriques;Gélule;;Ne pas ouvrir;;;Non;RCP;;A prendre pendant les repas. PA irritant.;Therabel 25-02-2022 : cf. RCP
NALMENIDINE 200 µg (Rizmoic);Antagonistes des récepteurs opioïdes périphériques;Comprimé;;Ne pas écraser ni croquer;;;Non;Réponse laboratoire;;Pas de données concernant le changement de biodisponibilité lors d'un passage par sonde nasogastrique, ni par sonde gastro-jéjunostomie permettant la recommandation d'un écrasement possible par le labo.;Viatris 16-06-2025 : écrasement déconseillé car pas d'étude
NALOXEGOL 12,5 et 25 mg (Moventig);Antagonistes du récepteur opioïde périphérique;Comprimé;;Écrasement possible;;Prise possible avec de l’eau<br>Prise immédiate après préparation<br>;Non;RCP;;A prendre en dehors des repas, de préférence le matin. Peut être écrasé et mélangé dans ½ verre d'eau, à boire immédiatement. Rincer ensuite le verre avec ½ volume d'eau et le boire immédiatement.;
NALTREXONE 50 mg (Revia);Médicaments utilisés en cas de dépendance à l'alcool;Comprimé sécable;;Ne pas écraser ni croquer;;;Non;Réponse laboratoire;;;Accord Healthcare 15-03-2022 : écrasement déconseillé car pas d'étude
NAPROXENE 550 mg (Antalnox);Dérivés de l'acide propionique;Comprimé  sécable;;Ne pas écraser ni croquer;;;Non;RCP;;A prendre pendant les repas.;Pierre Fabre 21-02-2022 : écrasement déconseillé car pas d'étude.
NARATRIPTAN 2,5 mg (Naramig);Agonistes sélectifs des récepteurs 5-HT1;Comprimé;;Ne pas écraser ni croquer;;;Non;RCP;;A prendre pendant la crise de migraine uniquement, de préférence le plus tôt possible.;GSK 15-02-2022 : cf RCP
NEBIVOLOL 5 mg (Temerit);Bêta-bloquants sélectifs;Comprimé sécable;;Ne pas écraser ni croquer;;;Non;Réponse laboratoire;Ecrasable selon HUG 03/2023;;Menarini 14-02-2022 : non-écrasable car pas d'étude.
NEFOPAM 30mg (générique);Autres analgésiques et antipyrétiques;Comprimé;;Ne pas écraser ni croquer;;;Non;RCP;;;Panpharma 18-06-2024 : écrasement déconseillé car pas d'étude
NEVIRAPINE 200 mg (Viramune);Inhibiteurs de la transcriptase inverse non nucléosidique;Comprimé;;Ne pas écraser ni croquer;;;Suspension buvable;RCP;Ecrasable selon HUG 03/2023;;Boehringer Ingelheim 24-02-2022 : écrasement déconseillé car pas d'étude
NEVIRAPINE LP 100 et 400 mg (génériques);Inhibiteurs de la transcriptase inverse non nucléosidique;Comprimé LP;;Ne pas écraser ni croquer;;;"⚠ Non LP ⚠
Suspension buvable";RCP;;;
NICARDIPINE 20 mg (Loxen);Dérivés de la dihydropyridine;Comprimé sécable;;Ne pas écraser ni croquer;;;Non;Notice patient;;A prendre avant les repas. Eviter le jus de pamplemousse.;Laboratoire XO 14-02-2022 : écrasement déconseillé en l'absence de données
NICARDIPINE LP 50 mg (Loxen LP);Dérivés de la dihydropyridine;Gélule LP;;Ne pas ouvrir;;;Non;RCP;;A prendre avant les repas. Eviter le jus de pamplemousse.;Laboratoire XO 14-02-2022 : écrasement déconseillé en l'absence de données
NICORANDIL 10 et 20 mg (Ikorel);Autres vasodilatateurs utilisés dans les maladies cardiaques;Comprimé ou comprimé sécable;;Ne pas écraser ni croquer;;;Non;Réponse laboratoire;;Administration immédiate.;Sanofi 23-03-2022 : écrasement déconseillé car pas d'étude
NICOTINAMIDE 500 mg (Nicobion);Autres préparations à base de vitamines seules;Comprimé;;Ne pas écraser ni croquer;Goût désagréable;;Non;Notice patient;Ecrasable selon HUG 03/2023;;Teofarma 08-03-2022 : écrasement déconseillé car pas d'étude. Photosensible.
NIFEDIPINE LP 20 et 30 mg (génériques);Dérivés de la dihydropyridine;Comprimé LP;;Ne pas écraser ni croquer;;;Non;RCP;;Eviter le jus de pamplemousse.;En attente (génériques)
NILOTINIB 50, 150 et 200 mg (Tasigna);Inhibiteurs de protéine kinase;Gélule;oui : éviter l'écrasement ou l'ouverture lorsque cela est possible.;Ouverture possible;;Prise possible avec de la compote<br>Prise immédiate après préparation<br>;Non;RCP;;A prendre ≥ 2h après et ≥ 1h avant les repas. La gélule peut être vidée dans une cuillère à café de compote de pomme uniquement, pour administration immédiate. Eviter le jus de pamplemousse.;Novartis 16-03-2022 : cf. RCP
NILUTAMIDE 50 et 150 (Anandron);Anti-androgènes;Comprimé;;Ne pas écraser ni croquer;;;Non;Réponse laboratoire;;;Cheplapharm 14-03-2022 : écrasement déconseillé car pas d'étude.
NIMODIPINE 30 mg (Nimotop);Dérivés de la dihydropyridine;Comprimé;;Ne pas écraser ni croquer;;;Non;Réponse laboratoire;Ecrasable selon HUG 03/2023;Eviter le jus de pamplemousse.;Bayer 21-02-2022 : écrasement déconseillé car photosensible.
NINTEDANIB 100 et 150 mg (Ofev);Inhibiteurs de protéine kinase;Capsule molle;;Ne pas ouvrir;;;Non;RCP;;A prendre à heure fixe pendant les repas.;Boehringer Ingelheim 24-02-2022 : cf. RCP
NIRMATRELVIR / RITONAVIR 150/100  mg (Paxlovid);Inhibiteurs de protéase;Comprimé;;Ne pas écraser ni croquer;;;Non;RCP;;;
NITRAZEPAM 5 mg (Mogadon);Dérivés des benzodiazépines;Comprimé sécable;;Ne pas écraser ni croquer;;;Non;Réponse laboratoire;;A prendre avant le coucher.;Viatris 17-02-2023 : écrasement déconseillé car pas d'étude.
NITRENDIPINE 10 et 20 mg (génériques);Dérivés de la dihydropyridine;Comprimé;;Ne pas écraser ni croquer;;;Non;RCP;;A prendre en fin de repas. Eviter le jus de pamplemousse.;En attente (génériques)
NITROFURANTOINE 50 mg (Furadantine);Dérivés du nitrofurane;Gélule;;Ne pas ouvrir;;;Solution buvable (AAC);Réponse laboratoire;;A prendre de préférence pendant les repas.;Teva 01-03-2022 : ouverture déconseillée car pas d'étude
NOMEGESTROL 5 mg (Lutenyl);Dérivés pregnadiène;Comprimé sécable;;Ne pas écraser ni croquer;;;Non;Réponse laboratoire;;;Theramex 17-02-2022 : écrasement déconseillé car pas d'étude
NORETHANDROLONE 10 mg (Nilevar);Dérivés de l'androstane;Comprimé sécable;;Ne pas écraser ni croquer;;;Non;Notice patient;;;
NORFLOXACINE 400 mg (génériques);Fluoroquinolones;Comprimé;;Ne pas écraser ni croquer;Goût désagréable;;Non;Réponse laboratoire;;Ne pas prendre avec un produit laitier.;Arrow 15-03-2022 : écrasement déconseillé car pas d'étude.
OFLOXACINE 200 mg (Monoflocet, Oflocet);Fluoroquinolones;Comprimé sécable;;Ne pas écraser ni croquer;Goût désagréable;;Non;Réponse laboratoire;;Ne pas prendre de fer, d'antiacides ou de sucralfate 2h après la prise.;Sanofi 23-03-2022 : écrasement déconseillé car pas d'étude
OLANZAPINE 5, 7,5 et 10 mg (Zyprexa);Diazépines, oxazépines, thiazépines et oxépines;Comprimé;;Ne pas écraser ni croquer;;;Comprimés orodispersibles;Réponse laboratoire;Ecrasable selon HUG 03/2023;A prendre à heure fixe. PA irritant.;Lilly 06-08-2020 : écrasement déconseillé car comprimé sensible à la lumière et à l'oxydation, et risque de majoration des EI
OLAPARIB 100, 150 mg (Lynparza);Iinhibiteurs de poly (ADP-RIBOSE) polymerase (PARP) ;Comprimé;oui;Ne pas écraser ni croquer;;;Non;Réponse laboratoire;;Eviter le jus de pamplemousse.;AstraZeneca 13-05-2022 : cf. RCP 
OLMESARTAN 10, 20 et 40 mg (Olmetec);Antagonistes de l'angiotensine II non associés;Comprimé;;Ne pas écraser ni croquer;Goût désagréable;;Non;RCP;;A prendre à heure fixe.;
OMEPRAZOLE 10 et 20 mg (Mopral);Inhibiteurs de la pompe à protons;Gélule GR;;Ouverture possible, ne pas écraser ni croquer;;Prise possible avec de l’eau<br>Prise possible avec un jus d’orange<br>Prise possible avec de la compote<br>Prise immédiate après préparation<br>;Comprimés GR;RCP;;"Les gélules peuvent être vidées dans de l'eau plate, un jus ou une compote. Administration immédiate (&lt; 30 min).";Cheplapharm 14-03-2022 : cf. RCP
OMEPRAZOLE 20 mg (Mopralpro);Inhibiteurs de la pompe à protons;Comprimé GR;;Délitement possible;;Prise possible avec de l’eau<br>Prise possible avec un jus d’orange<br>Prise possible avec de la compote<br>Prise immédiate après préparation<br>;Gélules ouvrables;RCP;;"Peut être dissout sans l'écraser dans de l'eau plate, un jus ou une compote. Administration immédiate (&lt; 30 min).";
ONDANSETRON 4 et 8 mg (Zophren);Antagonistes de la sérotonine (5-HT3);Comprimé;;Ne pas écraser ni croquer;Goût désagréable;;Comprimés orodispersibles, sirop, suppositoire;RCP;Ecrasable selon HUG 03/2023;;Novartis 16-03-2022 : cf. RCP
ORNIDAZOLE 500 (Tiberal);Dérivés de l'imidazole;Comprimé;;Ne pas écraser ni croquer;;;Non;Réponse laboratoire;;;Serb 22-03-2022 : écrasement déconseillé car pas d'étude + photosensible.
OSELTAMIVIR 30, 45 et 75 mg (Tamiflu, Ebilfumin);Inhibiteurs de la neuraminidase;Gélule;;Ouverture possible;Goût désagréable;Prise possible avec de l’eau<br>Prise possible avec un jus d’orange<br>Prise possible avec du lait<br>Prise possible avec de la compote<br>Prise possible avec un yaourt<br>Prise immédiate après préparation<br>;Poudre pour suspension buvable;RCP;;A mélanger à un liquide sucré (eau sucrée, chocolat liquide, sirop, coulis) pour masquer le goût. Administration immédiate.;
OXAZEPAM 10 et 50 mg (Seresta);Dérivés des benzodiazépines;Comprimé ou comprimé sécable;;Ne pas écraser ni croquer;;;Non;Réponse laboratoire;Ecrasable selon HUG 03/2023;;Neuraxpharm 22-03-2022 : écrasement déconseillé car pas d'étude
OXCARBAZEPINE 150, 300 et 600 mg (Trileptal);Dérivés du carboxamide;Comprimé sécable;;Ne pas écraser ni croquer;;;Suspension buvable;RCP;Ecrasable selon HUG 03/2023;A prendre à heure fixe sauf mention contraire. Peut être cassé en deux pour être avalé plus facilement.;Novartis 16-03-2022 : cf. RCP
OXETORONE 60 mg (Nocertone);Autres antimigraineux;Comprimé sécable;;Ne pas écraser ni croquer;Goût désagréable;;Non;Réponse laboratoire;;A prendre de préférence avant les repas du soir et au coucher.;Sanofi 23-03-2022 : écrasement déconseillé car pas d'étude
OXYBUTYNINE 5 mg (Ditropan);Antispasmodiques urinaires;Comprimé sécable;;Ne pas écraser ni croquer;Goût désagréable;;Sirop (AAC);Réponse laboratoire;;A prendre à jeun, ou si douleurs gastriques pendant les repas ou avec du lait.;Cheplapharm 14-03-2022 : écrasement déconseillé car pas d'étude. Mauvais goût.
OXYCODONE 5, 10 et 20 mg (Oxynorm);Alcaloïdes naturels de l'opium;Gélule;;Ne pas écraser ni croquer;;;Comprimés orodispersibles, solution buvable;Réponse laboratoire;;Eviter le jus de pamplemousse.;Mundipharma 24-04-2023 : écrasement déconseillé car pas d'étude
OXYCODONE LP 5, 10, 15, 20, 30, 40, 60, 80 et 120 mg (Oxycontin LP);Alcaloïdes naturels de l'opium;Comprimé LP;;Ne pas écraser ni croquer;;;"⚠ Non LP ⚠
Comprimés orodispersibles, solution buvable";RCP;;Risque de surdosage si écrasement. Eviter le jus de pamplemousse.;Mundipharma 03-08-2020 : écrasement déconseillé car pas d'étude
"PANCREATINE 10, 12,5 ; 25 et 40 kU (Creon)";Enzymes;Gélule GR;;Ouverture possible, ne pas écraser ni croquer;;Prise possible avec de l’eau<br>Prise possible avec un jus d’orange<br>Prise possible avec du lait<br>Prise possible avec de la compote<br>Prise possible avec un yaourt<br>Prise immédiate après préparation<br>;Granulés GR;RCP;;"Peut être vidé dans un aliment acide semi-solide (compote, yaourt) ou liquide (jus de fruit, lait). Administration immédiate. Ne pas croquer ni garder en bouche le mélange.
Sonde de gastrostomie : mise en suspension dans jus de fruit épaissi (type nectar). Risque d'obstruction de la sonde de gastrostomie lors de mise en suspension dans l'eau.";
PANTOPRAZOLE 20 et 40 mg (Eupantol, Inipomp);Inhibiteurs de la pompe à protons;Comprimé GR;;Ne pas écraser ni croquer;;;Non;RCP;;A prendre 1h avant les repas.;
PARACETAMOL / CODEINE 300/25, 400/20, 400/25, 500/30 et 600/50 mg (Codoliprane, Dafalgan codeine, Klipal codeine, Lindilane);Anilides;Comprimé sécable;;Ne pas écraser ni croquer;Goût désagréable;;Comprimés effervescents;RCP;;;Sanofi 23-03-2022 : écrasement déconseillé car pas d'étude
PARACETAMOL / CODEINE 500/30 mg (Codoliprane);Alcaloïdes naturels de l'opium;Gélule;;Ne pas ouvrir;Goût désagréable;;Comprimés effervescents;RCP;;;
PARACETAMOL / OPIUM ± CAFEINE 300/10/30 et 500/25 mg (Lamaline, Izalgi);Anilides;Gélule;;Ne pas ouvrir;Goût désagréable;;Suppositoires;RCP;;;
"PARACETAMOL / PSEUDOEPHEDRINE / DIPHENHYDRAMINE 500/60/25 mg (Actifed rhume jour & nuit)
PARACETAMOL / PSEUDOEPHEDRINE / TRIPROLIDINE 500/60/2,5 mg (Actifed rhume)";Sympathomimétiques;Comprimé;;Ne pas écraser ni croquer;Goût désagréable;;Non;Notice patient;;;
PARACETAMOL / TRAMADOL 37,5/325 mg (Ixprim);Autres opioïdes;Comprimé;;Ne pas écraser ni croquer;Goût désagréable;;Comprimés effervescents;RCP;;;
PARACETAMOL 500 et 1000 mg (Dafalgan, Doliprane);Anilides;Gélule;;Ne pas ouvrir;Goût désagréable;;Comprimés effervescents, suppositoires;Réponse laboratoire;;;UPSA 30-01-2025 : pas d'opposition galénique mais pas d'étude de bioéquivalence entre l’administration de la gélule entière et son contenu.
PARACETAMOL 500 et 1000 mg (Dafalgan, Doliprane);Anilides;Comprimé;;Ne pas écraser ni croquer;Goût désagréable;;Comprimés effervescents, suppositoires;Réponse laboratoire;Dafalgan : Ecrasable selon HUG 03/2023;;UPSA 30-01-2025 : pas d'opposition galénique mais pas d'étude de bioéquivalence entre l’administration du comprimé entier et son contenu.
PAROXETINE 20 mg (Deroxat);Inhibiteurs sélectifs de la recapture de la sérotonine (ISRS);Comprimé sécable;;Ne pas écraser ni croquer;Goût désagréable;;Non;RCP;Ecrasable selon HUG 03/2023;A prendre le matin pendant les repas pour réduire le risque de nausées.;GSK 02-10-2020 : écrasement déconseillé car pas de données. Mauvais goût et photosensible.
PAZOPANIB 200 et 400 mg (Votrient);Inhibiteurs de protéine kinase;Comprimé;oui;Ne pas écraser ni croquer;;;Solution buvable (AAC);RCP;;A prendre ≥ 1h avant ou ≥ 2h après les repas. Eviter le jus de pamplemousse.;Novartis 16-03-2022 : cf. RCP
PENICILLAMINE 300 mg (Trolovol);Pénicillamine et analogues;Comprimé;;Ne pas écraser ni croquer;;;Non;Réponse laboratoire;;A prendre 1h avant les repas chez l'enfant dans certaines indications (cf. RCP).;Laboratoire XO 14-02-2022 : écrasement déconseillé en l'absence de données. Comprimé non-sécable malgré la barrette de cassure.
PENTOXIFYLLINE LP 400 mg (génériques);Dérivés de la purine;Comprimé LP;;Ne pas écraser ni croquer;;;Non;RCP;;A prendre de préférence pendant les repas.;En attente (génériques)
PERAMPANEL 2, 4, 6, 8, 10 et 12 mg (Fycompa);Autres antiépileptiques;Comprimé;;Ne pas écraser ni croquer;;;Suspension buvable;RCP;Ecrasable selon HUG 03/2023;A prendre au coucher.;
"PERINDOPRIL / INDAPAMIDE 2,5/0,625 ; 4/1,25 ; 5/1,25 ; 8/2,5 et 10/2,5 (Preterax, Bipreterax)";Inhibiteurs de l'enzyme de conversion de l'angiotensine et diurétiques;Comprimé;;Ne pas écraser ni croquer;;;Non;Réponse laboratoire;;A prendre avant les repas, de préférence le matin.;Servier 28-02-2022 : broyage déconseillé car pas d'étude
"PERINDOPRIL 2,5 ; 5 et 10 mg (Coversyl)";Inhibiteurs de l'enzyme de conversion de l'angiotensine sans association;Comprimé;;Ne pas écraser ni croquer;;;Non;Réponse laboratoire;Ecrasable selon HUG 03/2023;A prendre avant les repas, de préférence le matin.;Servier 28-02-2022 : broyage déconseillé car pas d'étude
PHENOBARBITAL 10, 50 et 100 mg (Gardenal);Barbituriques et dérivés;Comprimé;;Écrasement possible;;Prise possible avec de la compote<br>Prise possible avec un yaourt<br>;Non;RCP;;A prendre le soir au coucher. Peut être écrasé et mélangé à l'alimentation.;
PHENOBARBITAL 15, 50, 100 et 150 mg (Alepsal);Barbituriques et dérivés;Comprimé;;Écrasement possible;;Prise possible avec de la compote<br>Prise possible avec un yaourt<br>;Non;RCP;;A prendre le soir au coucher. Peut être écrasé et mélangé à l'alimentation.;
PHENOXYMETHYLPENICILLINE 1 M UI (Oracilline);Pénicillines sensibles aux bêta-lactamases;Comprimé sécable;;Écrasement possible;;Prise possible avec de l’eau<br>Prise possible avec un jus d’orange<br>Prise possible avec du lait<br>Prise possible avec de la compote<br>Prise immédiate après préparation<br>;Suspension buvable;Réponse laboratoire;;;UCB Pharma 24-02-2022 : écrasement et mélange possible dans un liquide sucré ou de la compote. Administration immédiate.
PHENYLBUTYRATE 500 mg (Ammonaps);Produits divers pour le tube digestif et le métabolisme;Comprimé;;Ne pas écraser ni croquer;Goût désagréable;;Granulés, liquide oral;Réponse laboratoire;;A prendre pendant les repas.;Immedica 16-02-2022 : non écrasable car pas de données. Mauvais goût. Privilégier les alternatives.
PHENYTOÏNE 100 mg (Di-hydan);Hydantoïne et dérivés;Comprimé sécable;oui : éviter l'écrasement ou l'ouverture lorsque cela est possible.;Écrasement possible;;;Suspension buvable (AAC);RCP;;A prendre de préférence 1h avant les repas avec ½ verre d'eau, ou en cas d'irritation gastrique pendant les repas.;
PHENYTOÏNE 100 mg (Diphante);Hydantoïne et dérivés;Comprimé sécable;;Ne pas écraser ni croquer;;;Suspension buvable (AAC);RCP;;A prendre de préférence 1h avant les repas avec ½ verre d'eau, ou en cas d'irritation gastrique pendant les repas.;
PHLOROGLUCINOL / SIMETICONE 80/125 mg (Meteoxane);Autres médicaments en cas de troubles fonctionnels du côlon;Gélule;;Ne pas ouvrir;;;Comprimés orodispersibles (⚠ Phloroglucinol seul);Réponse laboratoire;;A prendre avant les repas ou au moment des douleurs.;Alfasigma 08-04-2022 : ouverture déconseillée car pas d'étude.
PHLOROGLUCINOL 80 mg (Spasfon);Autres médicaments contre les désordres fonctionnels gastro-intestinaux;Comprimé;;Ne pas écraser ni croquer;;;Comprimés orodispersibles, suppositoires;Réponse laboratoire;;;Teva 01-03-2022 : écrasement déconseillé car pas d'étude
PIMOZIDE 1 et 4 mg (Orap);Dérivés de la diphénylbutylpipéridine;Comprimé ou comprimé sécable;;Ne pas écraser ni croquer;;;Non;Notice patient;;A prendre le soir. Eviter le jus de pamplemousse.;Eumedica 02-03-2022 : écrasement déconseillé car pas d'étude
PINAVERIUM 50 et 100 mg (Dicetel);Autres médicaments en cas de troubles fonctionnels du côlon;Comprimé;;Ne pas écraser ni croquer;;;Non;RCP;;PA irritant pour l'œsophage. Les comprimés doivent être ingérés sans les croquer, ni les sucer, avec un grand verre d'eau au milieu des repas. Ne pas prendre en étant allongé ou avant le coucher.;Viatris 17-02-2023 : Ne pas écraser les comprimés sauf si administration par sonde gastrique.
PINDOLOL 5 et 15 mg (Visken, Visken Quinze);Bêta-bloquants non sélectifs;Comprimé;;Ne pas écraser ni croquer;;;Non;Notice patient;;;En attente (Centre de Specialites Pharmaceutiques)
PIPAMPERONE 40 mg (Dipiperon);Dérivés de la butyrophénone;Comprimé sécable;;Ne pas écraser ni croquer;;;Solution buvable;Thériaque 03/2023;Ecrasable selon HUG 03/2023;A prendre de préférence au diner ou au coucher.;
PIRACETAM 400 et 800 mg (génériques);Autres psychostimulants et nootropiques;Comprimé ou comprimé sécable;;Ne pas écraser ni croquer;Goût désagréable;;Solution buvable;Notice patient;;;Arrow 15-03-2022 : écrasement déconseillé car pas d'étude.
PIRETANIDE 6 mg (Eurelix);Sulfamides non associés;Gélule GR;;Ne pas écraser ni croquer;;;Non;RCP;;A prendre de préférence après les repas le matin ou en milieu de journée ;Sanofi 29/05/2024 : ouverture déconseillée car pas d'étude. Ne pas écraser les microgranules afin de conserver leur propriété gastro-résistante.
PIRIBEDIL LP 50 mg (Trivastal LP);Agonistes dopaminergiques;Comprimé LP;;Ne pas écraser ni croquer;;;Non;Notice patient;;A prendre en fin de repas.;
PIROXICAM 10 et 20 mg (Feldene);Oxicams;Gélule;;Ne pas ouvrir;;;Comprimés effervescents, comprimés dispersibles;RCP;;PA irritant. A prendre pendant les repas.;
PIROXICAM 20 mg (Brexin);Oxicams;Comprimé sécable;;Ne pas écraser ni croquer;;;Comprimés effervescents, comprimés dispersibles;RCP;;PA irritant. A prendre prendant les repas.;
PIVMECILLINAM 200 mg (Selexid);Pénicillines à large spectre;Comprimé;;Écrasement possible;Goût désagréable;Prise possible avec de l’eau<br>;Non;Réponse laboratoire;;A prendre pendant les repas, en position debout ou assise et ne pas s'allonger ≥ 30 min après la prise pour limiter le risque d'ulcération de l'œsophage.;Alloga 21-04-2022 : écrasement possible mais médicament amer
PIZOTIFENE 0,5 mg (Sanmigran);Autres antimigraineux;Comprimé;;Écrasement possible;;Prise possible avec de la compote<br>Prise possible avec un yaourt<br>;Non;Réponse laboratoire;;;En attente (Centre de Specialites Pharmaceutiques)
POMALIDOMIDE 1, 2, 3, 4 mg (Imnovid);Autres immunosuppresseurs;Gélule;oui;Ne pas ouvrir;;;Non;RCP;;PA cytotoxique et tératogène. A prendre à heure fixe.;Bristol Myers Squibb 28-02-2022 : cf. RCP
PONATINIB 15, 30 et 45 mg (Iclusig);Inhibiteurs de protéine kinase;Comprimé;;Ne pas écraser ni croquer;;;Non;RCP;;;
POSACONAZOLE 100 mg (Noxafil);Dérivés triazolés;Comprimé GR;;Ne pas écraser ni croquer;;;"Suspension buvable
⚠ Adaptation posologique ⚠";RCP;;Non-interchangeabilité entre la suspension buvable et les comprimés : suivre leurs recommandations posologiques respectives.;
POTASSIUM CHLORURE 600 mg (Diffu K);Potassium;Gélule;;Ouverture possible, ne pas écraser ni croquer;;Prise possible avec de l’eau<br>;Sirop;Réponse laboratoire;;;UCB Pharma 24-02-2022 : gélules ouvrables si besoin, ne pas mâcher les microgranules (risque d'ulcération de l'estomac du fait de la libération de cristaux de chlorure de potassium).
POTASSIUM CHLORURE LP 600 et 1000 mg (Kaleorid LP);Potassium;Comprimé LP;;Ne pas écraser ni croquer;;;Sirop;RCP;;A prendre de préférence en fin de repas.;
PRAMIPEXOLE 0,18 et 0,7 mg (Sifrol);Agonistes dopaminergiques;Comprimé sécable;;Ne pas écraser ni croquer;;;Non;Réponse laboratoire;;A prendre pendant les repas.;Boehringer Ingelheim 24-02-2022 : photosensible, cf. RCP
"PRAMIPEXOLE LP 0,26 ; 0,52 ; 1,05 et 2,1 mg (Sifrol LP)";Agonistes dopaminergiques;Comprimé LP;;Ne pas écraser ni croquer;;;Non;RCP;;A prendre à heure fixe.;Boehringer Ingelheim 24-02-2022 : photosensible, cf. RCP
PRASUGREL 10 mg (Efient);Inhibiteur de l'agregation plaquettaire;Comprimé;;Ne pas écraser ni croquer;Goût désagréable;;Non;RCP;Ecrasable selon HUG 03/2023;;Substipharm 26/01/2023 : cf. RCP + gout amer
PRAVASTATINE 10, 20 et 40 mg (Vasten);Inhibiteurs de l'HMG-CoA reductase (statines);Comprimé sécable;;Ne pas écraser ni croquer;;;Non;Réponse laboratoire;;A prendre de préférence le soir.;Sanofi 23-03-2022 : écrasement déconseillé car pas d'étude
PRAZEPAM 10 et 40 mg (Lysanxia);Dérivés des benzodiazépines;Comprimé ou comprimé sécable;;Ne pas écraser ni croquer;;;Solution buvable en gouttes;Réponse laboratoire;;;Alfasigma 08-04-2022 : écrasement déconseillé car pas d'étude.
PRAZIQUANTEL 600 mg (Biltricide);Dérivés de la quinoléïne et apparentés;Comprimé sécable;;Écrasement possible;Goût désagréable;Prise possible avec de l’eau<br>Prise possible avec un jus d’orange<br>Prise possible avec du lait<br>Prise possible avec de la compote<br>Prise possible avec un yaourt<br>;Non;RCP;;Peut être écrasé ou désagrégé et mélangé à un liquide ou un aliment semi-solide. A prendre de préférence pendant ou en fin de repas, le soir en cas de prise unique.;
PRAZOSINE LP 2,5 et 5 mg (Alpress LP);Alpha-bloquants;Comprimé osmotique;;Ne pas écraser ni croquer;;;Non;RCP;;;
PREDNISONE 1, 5 et 20 mg (Cortancyl);Glucocorticoïdes;Comprimé ou comprimé sécable;;Ne pas écraser ni croquer;;Prise possible avec de l’eau<br>Prise immédiate après préparation<br>;⚠ Adaptation posologique ⚠ Prednisolone orodispersible;Réponse laboratoire;Ecrasable selon HUG 03/2023;A prendre de préférence au cours des repas.;Sanofi 23-03-2022 : écrasement déconseillé car pas d'étude
PREGABALINE 25, 50, 75, 100, 150, 200 et 300 (Lyrica);Autres antiépileptiques;Gélule ;;Ouverture possible;Goût désagréable;Prise possible avec de l’eau<br>Prise possible avec un jus d’orange<br>Prise possible avec du lait<br>Prise possible avec de la compote<br>Prise possible avec un yaourt<br>;Solution buvable;Réponse laboratoire;;;Pfizer 04-08-2020 : ouverture déconseillée, mais une étude prouve la bioeq des gélules ouvertes. Mélange à de l'eau, jus de fruis ou nourriture semi-solide à la discrétion du clinicien.
PRIMIDONE 250 mg (Mysoline);Barbituriques et dérivés;Comprimé sécable;;Écrasement possible;;Prise possible avec de l’eau<br>;Non;RCP;;A prendre à heure fixe.;
PRISTINAMYCINE 250 et 500 mg (Pyostacine);Streptogramines;Comprimé sécable;;Écrasement possible;;Prise possible avec de l’eau<br>Prise possible avec un jus d’orange<br>Prise possible avec du lait<br>Prise possible avec de la compote<br>Prise possible avec un yaourt<br>;Non;RCP;;Peut être écrasé dans un peu de lait ou un aliment sucré (confiture). A prendre pendant les repas.;Sanofi 23-03-2022 : cf. RCP
PROBENECIDE 500 mg (Santuril);Uricosuriques;Comprimé sécable;;Ne pas écraser ni croquer;;;Non;RCP;;A prendre pendant les repas.;
PROCARBAZINE 50 mg (Natulan);Méthylhydrazines;Gélule;oui;Ne pas ouvrir;;;Non;RCP;;PA cytotoxique. Boire abondamment pendant la prise.;
PROGESTERONE 100 et 200 mg (Utrogestan);Dérivés pregnadiène;Capsule molle;oui;Ne pas ouvrir;;;Non;Galénique;;A prendre à distance des repas, de préférence le soir au coucher. Peut être également administré par voie vaginale.;
PROMETHAZINE 25 mg (Phenergan);Dérivés de la phénothiazine;Comprimé;;Ne pas écraser ni croquer;;;Non;Réponse laboratoire;;A prendre de préférence le soir (effet sédatif).;DB Pharma 21-02-2022 : écrasement déconseillé car pas d'étude
PROPAFENONE 300 mg (Rythmol);Antiarythmiques, classe Ic;Comprimé sécable;;Ne pas écraser ni croquer;Goût désagréable;;Non;Notice patient;Ecrasable selon HUG 03/2023;A prendre après les repas. Eviter le jus de pamplemousse.;Viatris 17-02-2023 : écrasement déconseillé car pas d'étude.
PROPERICIAZINE 10 mg (Neuleptil);Phénothiazines de structure pipéridinique;Gélule;;Ne pas ouvrir;;;Solution buvable en gouttes;Réponse laboratoire;;;Sanofi 23-03-2022 : ouverture déconseillée car pas d'étude
PROPRANOLOL 40 mg (génériques);Bêta-bloquants non sélectifs;Comprimé sécable;;Ne pas écraser ni croquer;;;Solution buvable;Réponse laboratoire;Ecrasable selon HUG 03/2023;;Biogaran 19-08-2020 : écrasement déconseillé car pas d'études
PROPRANOLOL LP 80 et 160 mg (génériques);Bêta-bloquants non sélectifs;Gélule LP;;Ne pas ouvrir;;;"⚠ Non LP ⚠
Solution buvable";Réponse laboratoire;Ouvrable selon HUG 03/2023;A prendre de préférence le matin.;Teva 01-03-2022 : ouverture déconseillée car pas d'étude
PROPYLTHIOURACILE 50 mg (Propylex);Thiouraciles;Comprimé;;Écrasement possible;Goût désagréable;Prise possible avec de l’eau<br>Prise immédiate après préparation<br>;Non;Réponse laboratoire;;;HAC Pharma 22-02-2022 : écrasement possible si besoin, avec administration immédiate et protection appropriée de l'opérateur
PYRAZINAMIDE 500 mg (Pirilene);Autres antituberculeux;Comprimé sécable;;Écrasement possible;Goût désagréable;Prise possible avec de l’eau<br>Prise possible avec un jus d’orange<br>Prise possible avec du lait<br>Prise possible avec de la compote<br>Prise possible avec un yaourt<br>;Non;Thériaque 03/2023;Ecrasable selon HUG 03/2023;;Sanofi 23-03-2022 : ouverture déconseillée car pas d'étude
PYRIDOSTIGMINE 60 mg (Mestinon);Anticholinesterasiques;Comprimé;;Ne pas écraser ni croquer;;Prise possible avec de l’eau<br>Prise immédiate après préparation<br>;Sirop (AAC);Réponse laboratoire;Ouvrable selon HUG 03/2023;;Viatris 17-02-2023 : nous ne pouvons vous garantir la bonne stabilité ou biodisponibilité du médicament écrasable.
PYRIDOSTIGMINE LP 180 mg (Mestinon LP);Anticholinesterasiques;Comprimé LP;;Ne pas écraser ni croquer;;;"⚠ Non LP ⚠
Sirop (AAC)";Thériaque 03/2023;;A ne pas prendre en position couchée.;
PYRIDOXINE / THIAMINE 35/250 et 50/250 mg (Vitamine B1 B6, Princi B);Vitamine B1 en association avec les vitamines B6 et/ou B12;Comprimé;;?;;;Non;;;;En attente (SERP)
PYRIDOXINE 250 mg (Becilan);Autres préparations à base de vitamines seules;Comprimé sécable;;Ne pas écraser ni croquer;;;Non;Réponse laboratoire;;;DB Pharma 21-02-2022 : écrasement déconseillé car pas d'étude
PYRIMETHAMINE 50 mg (Malocide);Diaminopyrimidines;Comprimé;;Ne pas écraser ni croquer;;;Non;Réponse laboratoire;;;Sanofi 23-03-2022 : écrasement déconseillé car pas d'étude
QUETIAPINE LP 50, 300 et 400mg (Xeroquel);diazépines, oxazépines et thiazépines;Comprimé LP;;Ne pas écraser ni croquer;;;Non;RCP;;;"RCP : ""Les comprimés doivent être avalés entiers et ne doivent pas être divisés, mâchés ou écrasés"""
QUINAPRIL / HYDROCHLOROTHIAZIDE 20/12,5 mg (Acuilix);Inhibiteurs de l'enzyme de conversion de l'angiotensine et diurétiques;Comprimé sécable;;Ne pas écraser ni croquer;Goût désagréable;;Non;Réponse laboratoire;;;Pfizer 14-03-2023 : écrasement déconseillé car pas d'étude.
QUINAPRIL 5 et 20 mg (Acuitel);Inhibiteurs de l'enzyme de conversion de l'angiotensine sans association;Comprimé sécable;;Ne pas écraser ni croquer;;;Non;Réponse laboratoire;;;Pfizer 14-03-2023 : écrasement déconseillé car pas d'étude.
QUININE / QUINIDINE / CINCHONINE / CINCHONIDINE 125 et 500 mg (Quinimax) ;Alcaloïdes de la quinine;Comprimé sécable;;Ne pas écraser ni croquer;Goût désagréable;;Non;Réponse laboratoire;;Eviter le jus de pamplemousse.;Sanofi 23-03-2022 : écrasement déconseillé car pas d'étude
RABEPRAZOLE 10 et 20 mg (Pariet);Inhibiteurs de la pompe à protons;Comprimé GR;;Ne pas écraser ni croquer;;;Non;RCP;;A prendre le matin avant les repas (uniquement pour favoriser l'observance : ni l'heure de prise ni l'alimentation n'a d'influence sur l'activité du Rabéprazole);Janssen 09-03-2022 : non écrasable car PA instable en milieu acide.
RACECADOTRIL 100 mg (Tiorfan, Diarfix, Tiorfast);Autres antidiarrhéiques;Gélule;;?;Goût désagréable;;Poudre orale, suspension buvable;;;;En attente (Bioprojet Pharma)
RACECADOTRIL 175 mg (Tiorfanor);Autres antidiarrhéiques;Comprimé;;?;Goût désagréable;;Poudre orale, suspension buvable;;;;En attente (Bioprojet Pharma)
RALTEGRAVIR 400 et 600 mg (Isentress);Inhibiteur de l'integrase;Comprimé;;Ne pas écraser ni croquer;;;Comprimés à croquer, granulés pour suspension buvable;RCP;;Non-interchangeabilité entre les comprimés, comprimés à croquer et granulés : suivre leurs recommandations posologiques respectives.;
RAMIPRIL / HYDROCHLOROTHIAZIDE 5/12,5 mg (Cotriatec);Inhibiteurs de l'enzyme de conversion de l'angiotensine et diurétiques;Comprimé;;Ne pas écraser ni croquer;Goût désagréable;;Non;RCP;;A prendre à heure fixe, de préférence le matin.;Sanofi 23-03-2022 : écrasement déconseillé car pas d'étude
"RAMIPRIL 1,25 ; 2, 5 et 10 mg (Triatec)";Inhibiteurs de l'enzyme de conversion de l'angiotensine sans association;Comprimé ou comprimé sécable;;Ne pas écraser ni croquer;;;Non;RCP;Ecrasable selon HUG 03/2023;A prendre à heure fixe.;Sanofi 23-03-2022 : écrasement déconseillé car pas d'étude
"REPAGLINIDE 0,5 ; 1 et 2 mg (Novonorm)";Autres médicaments hypoglycémiant autres que les insulines;Comprimé;;Ne pas écraser ni croquer;;;Non;Réponse laboratoire;Ecrasable selon HUG 03/2023;A prendre moins de 30 min avant les repas.;Novo Nordisk 01-03-2022 : écrasement déconseillé car pas d'étude
RIFABUTINE 150 mg (Ansatipine);Antibiotiques;Gélule;;Ne pas ouvrir;;Prise possible avec de la compote<br>;Non;Notice patient;Ouvrable selon laboratoire;;Serb 22-03-2022 : peut être ouvert et mélangé à de la compote de pommes.
RIFAMPICINE 300 mg (Rifadine);Antibiotiques;Gélule;;Ne pas ouvrir;;;Suspension buvable;Réponse laboratoire;;A prendre de préférence ≥ 30 min avant les repas.;Sanofi 23-03-2022 : ouverture déconseillée car pas d'étude
RIFAXIMINE 550mg (Tixtar);Antibiotiques;Comprimé;;Ne pas écraser ni croquer;;;Non;Réponse laboratoire;;Au cours ou en dehors d'un repas avec un verre d'eau. ;Alfasigma 25-11-2025 : aucune donnée étayant le broyage ou le fractionnement
RILMENIDINE 1 mg (Hyperium);Agonistes des récepteurs de l'imidazoline;Comprimé;;Ne pas écraser ni croquer;;;Non;Réponse laboratoire;;A prendre le matin.;Servier 28-02-2022 : écrasement déconseillé car pas d'étude
RILPIVIRINE 25 mg (Edurant);Inhibiteurs de la transcriptase inverse non nucléosidique;Comprimé;;Ne pas écraser ni croquer;;;Non;RCP;;A prendre pendant les repas. Eviter le jus de pamplemousse.;Janssen 09-03-2022 : cf. RCP
RILUZOLE 50 mg (Rilutek);Autres médicaments du systeme nerveux;Comprimé;;Ne pas écraser ni croquer;;;Suspension buvable;Réponse laboratoire;Ecrasable selon HUG 03/2023;A prendre à heure fixe.;Sanofi 23-03-2022 : écrasement déconseillé car pas d'étude
RISPERIDONE 1, 2 et 4 mg (Risperdal);Autres antipsychotiques;Comprimé sécable;;Ne pas écraser ni croquer;Goût désagréable;;Comprimés orodispersibles, solution buvable;Réponse laboratoire;Ecrasable selon HUG 03/2023;;Janssen 12-04-2023 : écrasement déconseillé car pas d'étude
RITONAVIR 100 mg (Norvir);Inhibiteurs de protéase;Comprimé;;Ne pas écraser ni croquer;Goût désagréable;;Suspension buvable;RCP;;A prendre pendant les repas.;
RIVAROXABAN 10, 15 et 20 mg (Xarelto);Inhibiteurs directs du facteur Xa;Comprimé;;Écrasement possible;;Prise possible avec de l’eau<br>Prise possible avec de la compote<br>Prise immédiate après préparation<br>;Granulés pour suspension buvable (AAP);RCP;;Peut être écrasé et mélangé à de l'eau ou de la compote de pommes. Administration immédiate.;
"RIVASTIGMINE 1,5 ; 3, 4,5 et 6 mg (Exelon)";Anticholinestérasiques;Gélule;;Ne pas ouvrir;;;Solution buvable, dispositif transdermique;RCP;;A prendre pendant les repas.;Novartis 16-03-2022 : cf. RCP
RIZATRIPTAN 5 et 10 mg (Maxalt);Agonistes sélectifs des récepteurs 5-HT1;Comprimé;;?;;;Comprimés orodispersibles;;;A prendre pendant la crise de migraine uniquement, de préférence le plus tôt possible.;En attente (Organon)
"ROPINIROLE 0,25 ; 0,5 ; 1, 2 et 5 mg (Requip)";Agonistes dopaminergiques;Comprimé;;Ne pas écraser ni croquer;;;Non;Réponse laboratoire;Ecrasable selon HUG 03/2023;A prendre de préférence pendant les repas.;GSK 07-10-2020 : écrasement déconseillé car pas d'étude. Photosensible et hydrosoluble.
ROPINIROLE LP 2, 4 et 8 mg (Requip LP);Agonistes dopaminergiques;Comprimé LP;;Ne pas écraser ni croquer;;;Non;Réponse laboratoire;;A prendre à heure fixe.;GSK 10-07-2020 : écrasement déconseillé car pas d'étude. Photosensible et hydrosoluble.
ROSUVASTATINE 5, 10 et 20 mg (Crestor);Inhibiteurs de l'HMG-CoA reductase (statines);Comprimé;;Ne pas écraser ni croquer;;;Non;;Ecrasable selon HUG 03/2023;A prendre de préférence à heure fixe.;
ROXITHROMYCINE 100 et 150 mg (Rulid);Macrolides;Comprimé;;Ne pas écraser ni croquer;;;Comprimés pour suspension buvable (50 mg);Réponse laboratoire;Ecrasable selon HUG 03/2023;A prendre de préférence avant les repas.;Sanofi 23-03-2022 : écrasement déconseillé car pas d'étude
RUFINAMIDE 100, 200 et 400 mg (Inovelon);Dérivés du carboxamide;Comprimé;;Écrasement possible;;Prise possible avec de l’eau<br>;Suspension buvable;RCP;;Peut être écrasé et administré avec de l'eau. A prendre pendant les repas.;
RUXOLITINIB 5, 10, 15 et 20 mg (Jakavi);Inhibiteurs de protéine kinase;Comprimé;;Ne pas écraser ni croquer;;;Non;Réponse laboratoire;Ecrasable selon HUG 03/2023;A prendre à heure fixe.;Novartis 16-03-2022 : cf. RCP
SACCHAROMYCES BOULARDII 50 et 200 mg (Ultra-levure);Micro-organismes antidiarrhéiques;Gélule;;⚠;Goût désagréable;Prise possible avec de l’eau<br>Prise immédiate après préparation<br>;Poudre pour suspension buvable;Réponse laboratoire;;Ne pas ouvrir les gélules dans l'environnement d'un patient immunodéprimé ou porteur d'un cathéter veineux (risque de contamination).;Biocodex 17-02-2022 : ouvrable si administration immédiate, sauf cas particuliers (cf. RCP). Ne pas dissoudre dans un liquide réfrigéré. Sensible à l'humidité.
SACCHAROMYCES CEREVISIAE / CHARBON ACTIVE (Carbolevure adultes);Préparations à base de charbon activé;Gélule;;Ne pas ouvrir;;;Non;Notice patient;;A prendre de préférence en dehors des repas.;Pierre Fabre 21-02-2022 : ouverture déconseillée car pas d'étude.
SAXAGLIPTINE / METFORMINE 2,5/1000 mg (Komboglyze);Association de médicaments oraux réduisant la glycémie;Comprimé;;Ne pas écraser ni croquer;Goût désagréable;;Non;Notice patient;;A prendre pendant les repas.;AstraZeneca 06-04-2022 : écrasement déconseillé car pas d'étude. Goût métallique.
SAXAGLIPTINE 5 mg (Onglyza);Inhibiteurs de la dipeptidyl peptidase-4 (DPP-4);Comprimé;;Ne pas écraser ni croquer;;;Non;RCP;;A prendre de préférence à heure fixe.;AstraZeneca 06-04-2022 : écrasement déconseillé car pas d'étude.
SELEGILINE 5 mg (Deprenyl);Inhibiteurs de la monoamine oxydase de type B (IMAO-B);Comprimé sécable;;Ne pas écraser ni croquer;;;Dispositif transdermique (AAC);Thériaque 03/2023;;A prendre pendant les repas.;
SERTRALINE 25 et 50 mg (Zoloft);Inhibiteurs sélectifs de la recapture de la sérotonine (ISRS);Gélule;;Ne pas ouvrir;;;Non;Réponse laboratoire;;A prendre pendant les repas.;Pfizer 04-08-2020 : ouverture déconseillé car hors-AMM. Pas d'étude.
SEVELAMER 800 mg (Renvela);Médicaments de l'hyperkaliémie et l'hyperphosphorémie;Comprimé;;Ne pas écraser ni croquer;;;Poudre pour suspension buvable;RCP;Ecrasable selon HUG 03/2023;A prendre pendant les repas.;
SILDENAFIL 20, 25, 50 et 100 mg (Revatio, Viagra);Médicaments utilisés dans les troubles de l'erection;Comprimé;;Ne pas écraser ni croquer;;;Poudre pour suspension buvable, comprimés orodispersibles;Thériaque 03/2023;Revatio : ecrasable selon HUG 03/2023;A prendre environ 1h avant l'activité. Eviter le jus de pamplemousse. La poudre pour suspension buvable est destinée à traitée l'HTAP;
"SILODOSINE 4 et 8mg
(Urorec, Silodyx)";Alpha-bloquants;Gélule;;Ne pas ouvrir;;;Non;RCP;Urorec : ouvrable selon HUG 03/2023;A prendre pendant les repas, de préférence à heure fixe.;En attente (Bouchara-Recordati) 05/2024
SIMVASTATINE 20 et 40 mg (Zocor);Inhibiteurs de l'HMG-CoA reductase (statines);Comprimé ou comprimé sécable;;Écrasement possible;Goût désagréable;Prise possible avec de l’eau<br>Prise immédiate après préparation<br>;Non;Réponse laboratoire;;A prendre le soir. Eviter le jus de pamplemousse.;MSD 19-09-2020 : écrasement possible si administration immédiate. Le pelliculage masque le goût amer.
"SIROLIMUS 0,5 ; 1 et 2 mg (Rapamune)";Immunosuppresseurs sélectifs;Comprimé;;Ne pas écraser ni croquer;;;"Solution buvable
⚠ Adaptation posologique ⚠";RCP;;A prendre pendant ou hors des repas, mais de façon constante. Eviter le jus de pamplemousse.;
SITAGLIPTINE 50 et 100 mg (Januvia, Xelevia);Inhibiteurs de la dipeptidyl peptidase-4 (DPP-4);Comprimé;;Ne pas écraser ni croquer;;;Non;Réponse laboratoire;Januvia : ecrasable selon HUG 03/2023;;MSD 08/09/2025 : pas d'études disponibles, pas d'écrasement
SOFOSBUVIR 400 mg (Sovaldi);Autres antiviraux;Comprimé;;Ne pas écraser ni croquer;Goût désagréable;;Non;RCP;Ecrasable selon HUG 03/2023;A prendre pendant les repas. Mauvais goût.;Gilead 02-03-2022 : écrasement et fractionnement déconseillés car pas d'étude et goût très amer si broyé.
SOLIFENACINE 5 et 10 mg (Vesicare);Antispasmodiques urinaires;Comprimé;;Ne pas écraser ni croquer;Goût désagréable;;Suspension buvable;RCP;;;
SORAFENIB 200mg (Nexavar);Inhibiteurs de protéine kinase;Comprimé;oui;Ne pas écraser ni croquer;;;Cpr dispersible dans l'eau sans l'écraser (toxicité);Réponse laboratoire;;A prendre en dehors des repas ou avec un repas pauvre ou modérément riche en graisses (à défaut prendre 1h avant ou 2h après le repas riche en graisses).;"Bayer 10/03/2026 : utilisation cf RCP. Etude biodisponibilité cpr sous forme de suspension buvable extemporanée dans l'eau similaire aux comprimés entiers. 
• Remplissez un verre d'eau avec 60 ml.
• Placez deux comprimés de sorafénib à 200 mg dans l'eau. Notez l'heure.
• Commencez à remuer après environ 5 minutes. Les comprimés en désintégration formeront une fine suspension. Continuez à remuer jusqu'à dissolution complète. Il est possible qu'un fin film se forme initialement à l'enrobage brun des comprimés ; cela n'a aucune incidence sur la précision du dosage. La suspension est généralement prête à être administrée après 10 minutes."
SOTALOL 80 et 160 mg (Sotalex);Bêta-bloquants non sélectifs;Comprimé sécable;;Ne pas écraser ni croquer;;Prise possible avec de l’eau<br>Prise possible avec un jus d’orange<br>Prise possible avec du lait<br>;Non;Réponse laboratoire;Ecrasable selon laboratoire;A prendre de préférence le matin.;Cheplapharm 14-03-2022 : écrasement possible, produit soluble dans l'eau. 
SPIRAMYCINE 3 MUI (Rovamycine);Macrolides;Comprimé;;Ne pas écraser ni croquer;;;Non;RCP;;A prendre pendant les repas.;Sanofi 23-03-2022 : écrasement déconseillé car pas d'étude
SPIRONOLACTONE 25, 50 et 75 mg (Aldactone);Antagonistes de l'aldostérone;Comprimé sécable;oui : éviter l'écrasement ou l'ouverture lorsque cela est possible.;Écrasement possible;Goût désagréable;Prise possible avec de l’eau<br>Prise possible avec un jus d’orange<br>Prise possible avec du lait<br>;Non;RCP;;Peut être écrasé et mis en suspension, de préférence dans un liquide sucré.;Pfizer 04-08-2020 : cf. RCP. Très peu hydrosoluble. Goût amer.
SUCRALFATE 1 g (Keal);Anticholinergiques synthétiques, esters d'amines tertiaires;Comprimé sécable;;Écrasement possible;;Prise possible avec de l’eau<br>;Suspension buvable;Notice patient;;Peut être écrasé dans un peu d'eau.;
SULBUTIAMINE 200 mg (Arcalion);Vitamine B1, non associée;Comprimé;;Ne pas écraser ni croquer;;;Non;RCP;;A prendre pendant les repas le matin et le midi.;Servier 28-02-2022 : cf. RCP
SULFADIAZINE 500 mg (Adiazine);Sulfamides de demi-vie intermediaire;Comprimé;;Écrasement possible;Goût désagréable;Prise possible avec de l’eau<br>Prise possible avec un jus d’orange<br>Prise possible avec du lait<br>Prise possible avec de la compote<br>Prise possible avec un yaourt<br>;Non;RCP;;Peut être écrasé et mélangé à un aliment (jus de fruit, yaourt, purée...). Goût amer.;
SULFAMETHOXAZOLE / TRIMETHOPRIME 400/80 et 800/160 mg (Cotrimoxazole, Bactrim, Bactrim Forte);Associations de sulfamidés et de triméthoprime, y compris des dérivés;Comprimé ;;Ne pas écraser ni croquer;;;Suspension buvable;Réponse laboratoire;Ecrasable selon HUG 03/2023;A prendre de préférence pendant les repas.;Eumedica 02-03-2022 : écrasement déconseillé car pas d'étude
SULFASALAZINE 500 mg (Salazopyrine);Acide aminosalicylique et  dérivés;Comprimé GR;;Ne pas écraser ni croquer;;;Non;RCP;;A prendre de préférence après les repas.;Pfizer 14-03-2023 : écrasement déconseillé car pas d'étude.
SULFATE FERREUX / ACIDE ASCORBIQUE 50/30 mg (Timoferol);Préparations orales de fer bivalent;Comprimé;;?;Goût désagréable;;Solution buvable de sulfate ferreux seul (Tardyféron);;;A prendre de préférence le matin avant les repas, ou pendant selon la tolérance digestive. Eviter le thé.;En attente (Elerte)
SULFATE FERREUX / ACIDE ASCORBIQUE 50/30 mg (Timoferol);Préparations orales de fer bivalent;Gélule;;Ne pas ouvrir;Goût désagréable;;Solution buvable de sulfate ferreux seul (Tardyféron);Thériaque 03/2023;;A prendre de préférence le matin avant les repas, ou pendant selon la tolérance digestive. Eviter le thé.;
SULFATE FERREUX / ACIDE FOLIQUE 50 mg / 350 µg (Tardyferon B9); Fer associé à l'acide folique;Comprimé;;Ne pas écraser ni croquer;Goût désagréable;;Solution buvable de sulfate ferreux seul (Tardyféron);RCP;;A prendre de préférence avant les repas, ou pendant selon la tolérance digestive. Eviter le thé.;
SULFATE FERREUX 50 et 80 mg (Tardyferon);Préparations orales de fer bivalent;Comprimé;;Ne pas écraser ni croquer;Goût désagréable;;Solution buvable;RCP;;A prendre de préférence avant les repas, ou pendant selon la tolérance digestive. Eviter le thé.;
SULINDAC 100 et 200 mg (Arthrocine);Dérivés de l'acide acétique et apparentés;Comprimé ou comprimé sécable;;Ne pas écraser ni croquer;;;Non;RCP;;A prendre pendant les repas.;
SULPIRIDE 200 mg (Dogmatil);Benzamides;Comprimé sécable;;Ne pas écraser ni croquer;;;Solution buvable;Réponse laboratoire;;;Sanofi 23-03-2022 : écrasement déconseillé car pas d'étude
SULPIRIDE 50 mg (Dogmatil);Benzamides;Gélule;;Ne pas ouvrir;;;Solution buvable;Réponse laboratoire;;;Sanofi 23-03-2022 : ouverture déconseillée car pas d'étude
SUMATRIPTAN 50 mg (Imigrane);Agonistes sélectifs des récepteurs 5-HT1;Comprimé;;Délitement possible;Goût désagréable;Prise possible avec de l’eau<br>;Solution pour pulvérisation nasale;RCP;Ecrasable selon HUG 03/2023;Peut être dissout sans l'écraser dans un peu d'eau. A prendre pendant la crise de migraine uniquement, de préférence le plus tôt possible. Goût amer.;
"TACROLIMUS 0,5 ; 1, 2 et 5 mg (Adoport, Prograf)";Inhibiteurs de la calcineurine;Gélule;;Ouverture possible;;Prise possible avec de l’eau<br>;Granulés pour suspension buvable;RCP;;Si nécessaire le contenu de la gélule peut être dispersé dans de l'eau et administré par sonde naso-gastrique (⚠ PA cytotoxique : protection du manipulateur requise). A prendre à jeun ≥ 1h avant ou ≥ 2h après le repas. Eviter le jus de pamplemousse.;
"TACROLIMUS LP 0,5 ; 0,75 ; 1, 2, 3, 4 et 5 mg (Advagraf, Conferoport)";Inhibiteurs de la calcineurine;Gélule LP;;Ne pas ouvrir;;;"⚠ Non LP ⚠
Granulés pour suspension buvable";RCP;;PA cytotoxique. A prendre à jeun ≥ 1h avant ou ≥ 2h après le repas. Eviter le jus de pamplemousse.;
"TADALAFIL 2,5 ; 5, 10 et 20 mg (Adcirca, Cialis)";Médicaments utilisés dans les troubles de l'erection;Comprimé;;Ne pas écraser ni croquer;;;Non;Notice patient;;A prendre ≥ 30 min avant l'activité. Eviter le jus de pamplemousse.;
TAMOXIFENE 10 et 20 mg (Nolvadex);Anti-oestrogènes;Comprimé ou comprimé sécable;oui;Ne pas écraser ni croquer;;;Non;Réponse laboratoire;;PA cytotoxique.;AstraZeneca 02-10-2020 : écrasement déconseillé car pas d'étude. Photosensible.
TAMSULOSINE LP 0,4 (Omexel LP, Mecir LP);Alpha-bloquants;Comprimé LP;;Ne pas écraser ni croquer;;;Non;RCP;;A prendre à heure fixe.;Boehringer Ingelheim 24-02-2022 : cf. RCP
TAMSULOSINE LP 0,4 (Omix LP);Alpha-bloquants;Gélule LP;;Ne pas ouvrir;;;Non;RCP;;A prendre à heure fixe après un repas consistant, de préférence le matin.;Astellas Pharma 14-03-2022 : cf. RCP
"TELMISARTAN / HYDROCHLOROTHIAZIDE 40/12,5 ; 80/12,5 et 80/25 mg (Pritorplus)";Antagonistes de l'angiotensine II et diurétiques;Comprimé;;Ne pas écraser ni croquer;Goût désagréable;;Non;Réponse laboratoire;;A prendre à heure fixe.;Bayer 21-02-2022 : écrasement déconseillé car photosensible.
TELMISARTAN 20, 40 et 80 mg (Micardis, Pritor);Antagonistes de l'angiotensine II non associés;Comprimé;;Ne pas écraser ni croquer;;;Non;Réponse laboratoire;Ecrasable selon HUG 03/2023;A prendre à heure fixe.;Boehringer Ingelheim 24-02-2022 : écrasement déconseillé car pas d'étude. Sensible à l'humidité et à l'oxydation.
TEMOZOLOMIDE 5, 20, 100, 140, 180 et 250 mg (Temodal);Autres alkylants;Gélule;oui;Ne pas ouvrir;;;Non;RCP;;PA cytotoxique. A prendre à jeun et à distance des repas, de préférence à heure fixe.;
TENOFOVIR 123, 163, 204 et 245 mg (Viread);Inhibiteurs de la transcriptase inverse nucléosidique et nucléotidique;Comprimé;;Écrasement possible;;Prise possible avec de l’eau<br>Prise possible avec un jus d’orange<br>;Granulés;RCP;;A prendre pendant les repas. Peut être écrasé ou délité dans ≥ 100 mL d'eau, de jus d'orange ou de raisin pour administration immédiate.;
TENOXICAM 20 mg (Tilcotil);Oxicams;Comprimé sécable;;Ne pas écraser ni croquer;;;Non;RCP;;A prendre pendant les repas.;Viatris 17-02-2023 : écrasement déconseillé car pas d'étude.
TERBINAFINE 250 mg (Lamisil);Antifongiques à usage systémique;Comprimé sécable;;Écrasement possible;;Prise possible avec de la compote<br>Prise possible avec un yaourt<br>;Non;SFD;Ecrasable selon HUG 03/2023;A prendre à heure fixe, de préférence pendant les repas.;"SFD : alternatives en pédiatrie à la griséofulvine 
la prise doit se faire de suite après avoir écrasé le comprimé, ne pas le mélanger dans de l’eau, prendre le comprimé écrasé dans une cuillère avec un peu de yaourt ou de compote"
TERTATOLOL 5 mg (Artex);Bêta-bloquants non sélectifs;Comprimé sécable;;Ne pas écraser ni croquer;;;Non;Réponse laboratoire;;A prendre le matin.;Servier 28-02-2022 : écrasement déconseillé car pas d'étude
THALIDOMIDE 50 mg (génériques);Autres immunosuppresseurs;Gélule;oui;Ne pas ouvrir;;;Non;RCP;;PA cytotoxique et tératogène. A prendre de préférence le soir.;Bristol Myers Squibb 28-02-2022 : cf. RCP
THEOPHYLLINE LP 50, 100, 200 et 300 mg (Dilatrane LP);Xanthines;Gélule LP;;Ne pas ouvrir;;;Sirop;RCP;;;
THIAMAZOL 5, 10, 20 mg (Thyrozol);Dérivé de l'imidazole contenant du soufre;Comprimé;;Écrasement possible;;;Non;Réponse laboratoire;;;Merck 07-05-2025 : écrasement possible, pas d'étude de stabilité, à boire immédiatement
THIAMINE 250 mg (Benerva);Vitamine B1, non associée;Comprimé;;Ne pas écraser ni croquer;;;Non;RCP;Ecrasable selon HUG 03/2023;;
THIOCOLCHICOSIDE 4 mg (Miorel);Autres myorelaxants à action centrale;Gélule;;Ne pas ouvrir;;;Non;Réponse laboratoire;;;DB Pharma 21-02-2022 : ouverture déconseillée car pas d'étude
THIOCOLCHICOSIDE 4 mg (génériques);Autres myorelaxants à action centrale;Comprimé;;Ne pas écraser ni croquer;;;Non;Réponse laboratoire;;;Arrow 15-03-2022 : écrasement déconseillé car pas d'étude.
THIOGUANINE 40 mg (Lanvis);Analogues de la purine;Comprimé sécable;;Ne pas écraser ni croquer;;;Non;Réponse laboratoire;;PA cytotoxique.;ASPEN Pharma 22-02-2022 : des protocoles existent pour réaliser des solutions à partir des comprimés, en suivant les précautions d'usage de manipulation des produits cytotoxiques.
TIANEPTINE 12,5 mg (Stablon);Autres antidépresseurs;Comprimé;;Ne pas écraser ni croquer;;;Non;Réponse laboratoire;;A prendre au début des repas.;Servier 28-02-2022 : broyage déconseillé car pas d'étude
TIAPRIDE 100 mg (Tiapridal);Benzamides;Comprimé sécable;;Ne pas écraser ni croquer;;;Solution buvable;Réponse laboratoire;Ecrasable selon HUG 03/2023;;Sanofi 23-03-2022 : ouverture déconseillée car pas d'étude
TICAGRELOR 90 mg (Brilique);Inhibiteurs de l'agrégation plaquettaire sauf héparines;Comprimé;;Écrasement possible;;Prise possible avec de l’eau<br>Prise immédiate après préparation<br>;Comprimés orodispersibles;RCP;;Peut être écrasé et mélangé à ½ verre d'eau et bu immédiatement. Eviter le jus de pamplemousse.;
TICLOPIDINE 250 mg (Ticlid);Inhibiteurs de l'agrégation plaquettaire sauf héparines;Comprimé;;Ne pas écraser ni croquer;;;Non;Réponse laboratoire;;A prendre de préférence pendant les repas.;Sanofi 23-03-2022 : écrasement déconseillé car pas d'étude
TIPRANAVIR 250 mg (Aptivus);Inhibiteurs de protéase;Capsule molle;;Ne pas ouvrir;;;Non;RCP;;A prendre pendant les repas.;Boehringer Ingelheim 24-02-2022 : cf. RCP
TOLVAPTAN 15, 30, 60, 90 et 120 mg (Jinarc);Antagonistes de la vasopressine;Comprimé;;Ne pas écraser ni croquer;;;Non;RCP;;La 1ère dose (la plus forte) est à prendre le matin ≥ 30 min avant le repas. La 2ème dose peut être prise pendant ou en dehors des repas. Eviter le jus de pamplemousse.;
TOPIRAMATE 15, 25 et 50 mg (Epitomax);Autres antiépileptiques;Gélule;;Ouverture possible;Goût désagréable;Prise possible avec de la compote<br>Prise possible avec un yaourt<br>Prise immédiate après préparation<br>;Non;RCP;;Peut être ouvert et réparti sur une cuillère à café de nourriture semi-solide de n'importe quel type. Administration immédiate. Goût amer.;
TOPIRAMATE 25, 50, 100 et 200 mg (Epitomax);Autres antiépileptiques;Comprimé;;Ne pas écraser ni croquer;Goût désagréable;;Gélules ouvrables;RCP;;Goût amer.;
TRAMADOL 50 mg (Contramal, Topalgic);Autres opioïdes;Gélule;;Ne pas ouvrir;Goût désagréable;;Comprimés effervescents, comprimés orodispersibles, solution buvable;Réponse laboratoire;;;Sanofi 23-03-2022 : ouverture déconseillée car pas d'étude
TRAMADOL 50 mg (Topalgic);Autres opioïdes;Comprimé;;Ne pas écraser ni croquer;Goût désagréable;;Comprimés effervescents, comprimés orodispersibles, solution buvable;Réponse laboratoire;;;Sanofi 23-03-2022 : ouverture déconseillée car pas d'étude
TRAMADOL LP 50, 100, 150 et 200 mg (Zamudol LP);Autres opioïdes;Gélule LP;;Ouverture possible, ne pas écraser ni croquer;Goût désagréable;Prise possible avec de l’eau<br>;Pas d'équivalent LP;RCP;;Peut être ouvert dans une cuillère. A avaler à l'aide d'un verre d'eau.;
TRAMADOL LP 50, 100, 150, 200 et 300 mg (Contramal LP, Monoalgic LP, Topalgic LP);Autres opioïdes;Comprimé LP;;Ne pas écraser ni croquer;Goût désagréable;;Gélules LP ouvrables;RCP;;;
TRANDOLAPRIL / VERAPAMIL LP 180/2, 240/2 et 240/4 mg (Tarka LP);Inhibiteurs de l'enzyme de conversion et inhibiteurs des canaux calciques;Comprimé LP;;Ne pas écraser ni croquer;;;Non;Galénique;;A prendre le matin de préférence à heure fixe, environ 30 min avant le repas. Eviter le jus de pamplemousse.;Viatris 17-02-2023 : écrasement déconseillé car pas d'étude.
"TRANDOLAPRIL 0,5 ; 2 et 4 mg (Odrik)";Inhibiteurs de l'enzyme de conversion de l'angiotensine sans association;Gélule;;Ouverture possible;;Prise possible avec de l’eau<br>;Non;Réponse laboratoire;;Les gélules seront avalées avec une quantité suffisante de liquide (1/2 à 1 verre d'eau). ;Viatris 17-02-2023 : Les gélules peuvent être ouvertes. 
TRIAMTERENE / HYDROCHLOROTHIAZIDE 50/25 mg (Prestole);Diurétiques low-ceiling et épargneurs potassiques;Gélule;;?;Goût désagréable;;Non;;;A prendre le matin.;En attente (Almirall)
TRICLABENDAZOLE 250 mg (Egaten);Autres antitrématodes;Comprimé sécable;;Écrasement possible;;Prise possible avec de la compote<br>Prise possible avec un yaourt<br>;Non;Notice patient;;A prendre de préférence pendant ou après un repas. Peut être écrasé et mélangé à de la nourriture semi-solide.;Novartis 16-03-2022 : cf. RCP
TRIHEXYPHENIDYLE 2 et 5 mg (Artane);Amines tertiaires;Comprimé;;Ne pas écraser ni croquer;;;Solution buvable;Réponse laboratoire;;;Sanofi 23-03-2022 : écrasement déconseillé car pas d'étude
TRIHEXYPHENIDYLE LP 2 et 5 mg (Parkinane LP);Amines tertiaires;Gélule LP;;Ne pas ouvrir;;;"⚠ Non LP ⚠
Solution buvable";Thériaque 03/2023;;;
TRIMEBUTINE 100 et 200 mg (Debridat);Anticholinergiques synthétiques, esters d'amines tertiaires;Comprimé;;Ne pas écraser ni croquer;;;Granulés pour suspension buvable (enfant) ;Réponse laboratoire;;;Pfizer 14-03-2023 : écrasement déconseillé car pas d'étude.
TRIMETAZIDINE 20 mg (Vastarel);Autres médicaments pour le cœur;Comprimé;;Ne pas écraser ni croquer;;;Non;Réponse laboratoire;;A prendre pendant les repas.;Servier 28-02-2022 : broyage déconseillé car pas d'étude
TRIMETAZIDINE LM 35 mg (Vastarel LM);Autres médicaments pour le cœur;Comprimé LM;;Ne pas écraser ni croquer;;;Non;Galénique;;A prendre pendant les repas.;Servier 28-02-2022 : non écrasable car forme à libération modifiée
TRIMIPRAMINE 25 et 100 mg (Surmontil);Inhibiteurs non-sélectifs de la recapture des monoamines;Comprimé ou comprimé sécable;;Ne pas écraser ni croquer;;;Solution buvable;Réponse laboratoire;Ecrasable selon HUG 03/2023;A prendre de préférence le soir.;Sanofi 23-03-2022 : écrasement déconseillé car pas d'étude
TROPATEPINE 10 mg (Lepticur);Amines tertiaires;Comprimé;;Écrasement possible;Goût désagréable;Prise possible avec de l’eau<br>;Non;Réponse laboratoire;;;Laboratoires Delbert 14-03-2022 : écrasement déconseillé car pas d'étude, mais possible en cas de nécessité uniquement.
TROSPIUM 20 mg (Ceris);Antispasmodiques urinaires;Comprimé;;Ne pas écraser ni croquer;;;Non;RCP;;A prendre à jeun avant un repas.;
URAPIDIL LP 30 et 60 mg (Eupressyl LP);Alpha-bloquants;Gélule LP;;Ouverture possible;;;Non;Réponse laboratoire;;A prendre pendant les repas matin et soir.;Cheplapharm 14-03-2022 : Il est peu probable que l'ouverture de la gélule ait des effets indésirables. Il est cependant essentiel de veiller à ne pas endommager les microgtranules qui assurent la LP
VALACICLOVIR 500 mg (Zelitrex);Nucléosides et nucléotides sauf inhibiteurs de la transcriptase inverse ;Comprimé;;Ne pas écraser ni croquer;;;Non;Notice patient;;;GSK 02-10-2020 : écrasement déconseillé car pas d'étude
VALGANCICLOVIR 450 mg (Rovalcyte);Nucléosides et nucléotides sauf inhibiteurs de la transcriptase inverse ;Comprimé;oui;Ne pas écraser ni croquer;;;Poudre pour suspension buvable;RCP;Ecrasable selon HUG 03/2023;PA cytotoxique. A prendre pendant les repas. ;
VALPROATE 200, 250 et 500 mg (Depakine);Dérivés d'acides gras;Comprimé GR;oui;Ne pas écraser ni croquer;;;Solution buvable, sirop;Notice patient;;;
VALPROATE LP 100, 250, 500, 750 et 1000 mg (Micropakine LP);Dérivés d'acides gras;Granulés LP;oui;Ne pas écraser ni croquer;;Prise possible avec de l’eau<br>Prise possible avec un jus d’orange<br>Prise possible avec du lait<br>Prise possible avec de la compote<br>Prise possible avec un yaourt<br>Prise immédiate après préparation<br>;"⚠ Non LP ⚠
Solution buvable, sirop";RCP;;A saupoudrer sur un aliment mou ou une boisson, froid ou à température ambiante (yaourt, jus d’orange, compote…). Administration immédiate. A prendre de préférence au cours des repas.;
VALPROATE LP 500 mg (Depakine chrono);Dérivés d'acides gras;Comprimé LP;oui;Ne pas écraser ni croquer;;;Granulés LP;RCP;;A prendre de préférence au cours des repas.;
VALPROMIDE 300 mg (Depamide);Dérivés d'acides gras;Comprimé GR;oui;Ne pas écraser ni croquer;;;Non;Notice patient;;;Sanofi 23-03-2022 : écrasement déconseillé car pas d'étude
"VALSARTAN / HYDROCHLOROTHIAZIDE 80/12,5 ; 160/12,5 et 160/25 mg (Cotareg)";Antagonistes de l'angiotensine II et diurétiques;Comprimé;;?;;;Non;;;A prendre à heure fixe, de préférence le matin.;En attente (Biogaran)
VALSARTAN 40, 80 et 160 mg (Tareg);Antagonistes de l'angiotensine II non associés;Comprimé ou comprimé sécable;;?;;;Solution buvable;;;A prendre à heure fixe.;En attente (Biogaran)
VENETOCLAX 10, 50 et 100 mg (Venclyxto);Autres antineoplasiques;Comprimé;;Ne pas écraser ni croquer;;;Non;RCP;;A prendre à heure fixe pendant les repas.;Abbvie 26-06-2025: les comprimés ne doivent pas être croqués, écrasés ou cassés avant d'être avalés. 
VENLAFAXINE 50 mg (génériques);Autres antidépresseurs;Comprimé;;Ne pas écraser ni croquer;;;Non;Thériaque 03/2023;Ecrasable selon HUG 03/2023;;Viatris 28-03-2024 : écrasement déconseillé car pas d'étude
VENLAFAXINE LP 150 et 225 mg (génériques);Autres antidépresseurs;Comprimé LP;;Ne pas écraser ni croquer;;;Non;RCP;;A prendre de préférence pendant les repas.;
"VENLAFAXINE LP 37,5 ; 75 et 150 mg (Effexor LP)";Autres antidépresseurs;Gélule LP;;Ne pas ouvrir;;Prise possible avec de la compote<br>Prise immédiate après préparation<br>;Comprimés LP;RCP;Ouvrable selon laboratoire;A prendre à heure fixe pendant les repas.;Pfizer 04-08-2020 : la gélule n'est qu'un excipient. Une étude interne montre la possibilité de mélanger les microgranules à une compote, à avaler immédiatement.
VERAPAMIL 120 mg (Isoptine);Dérivés de la phénylalkylamine;Gélule;;Ne pas ouvrir;Goût désagréable;;Non;RCP;;A prendre pendant les repas. Eviter le jus de pamplemousse.;Viatris 17-02-2023 : écrasement déconseillé car pas d'étude.
VERAPAMIL 40 et 120 mg (Isoptine);Dérivés de la phénylalkylamine;Comprimé;;Ne pas écraser ni croquer;Goût désagréable;;Non;Réponse laboratoire;;A prendre pendant les repas. Eviter le jus de pamplemousse.;Viatris 17-02-2023 : écrasement déconseillé car pas d'étude.
VERAPAMIL LP 240 mg (Isoptine LP);Dérivés de la phénylalkylamine;Comprimé sécable LP;;Ne pas écraser ni croquer;;;Non;RCP;;A prendre de préférence pendant les repas. Eviter le jus de pamplemousse.;Viatris 17-02-2023 : écrasement déconseillé car pas d'étude.
VERAPAMIL LP 240 mg (génériques);Dérivés de la phénylalkylamine;Gélule LP;;Ne pas ouvrir;;;Non;Réponse laboratoire;;A prendre de préférence pendant les repas. Eviter le jus de pamplemousse.;Teva 01-03-2022 : ouverture déconseillée car pas d'étude. Sensible à l'humidité.
VIGABATRINE 500 mg (Sabril);Dérivés d'acides gras;Comprimé sécable;;Ne pas écraser ni croquer;;;Granulés pour solution buvable;Réponse laboratoire;;A prendre avant ou après les repas.;Sanofi 23-03-2022 : écrasement déconseillé car pas d'étude
VILDAGLIPTINE 50 mg (Galvus);Inhibiteurs de la dipeptidyl peptidase-4 (DPP-4);Comprimé;;Ne pas écraser ni croquer;;;Non;RCP;;;Novartis 16-03-2022 : cf. RCP
VINORELBINE 20 et 30 mg (Navelbine);Vinca-alcaloïdes et analogues;Capsule molle;oui;Ne pas ouvrir;;;Non;RCP;;PA cytotoxique. A prendre de préférence en fin d'un repas léger ou d'une collation. Ne pas prendre avec une boisson gazeuse.;Pierre Fabre 21-02-2022 : PA irritant
VORASIDENIB 10 et 40mg (génériques);Inhibiteurs de l'isocitrate déshydrogénase (IDH);Comprimé;;Ne pas écraser ni croquer;;;Non;Réponse laboratoire;;A prendre à heure fixe, 2h avant un repas ou 1h après.;Servier 03-06-2025: pas de données pour écraser/diluer dans l'eau ni pour l'administration par sonde nasogastrique
VORICONAZOLE 50 et 200 mg (Vfend);Dérivés triazolés;Comprimé;oui;Ne pas écraser ni croquer;;;Suspension buvable;Notice patient;;A prendre ≥ 1h avant ou après un repas.;
VORTIOXETINE 5, 10, 15 et 20mg (Brintellix);Autres antidépresseurs;Comprimé;;Ne pas écraser ni croquer;;;Non;Réponse laboratoire;Ecrasable selon HUG 03/2023;A prendre avec ou sans aliments. ;Lundbeck 06-12-2023 : écrasement déconseillé car pas d'étude
WARFARINE 2 et 5 mg (Coumadine);Antivitamines K;Comprimé sécable;oui : éviter l'écrasement ou l'ouverture lorsque cela est possible.;Écrasement possible;;Prise possible avec de l’eau<br>;Suspension buvable (AAC);Réponse laboratoire;;A prendre à heure fixe, de préférence le soir.;BMS 19-08-2020 : 2 études mentionnent la stabilité de la Coumadine écrasée en suspension.
ZIDOVUDINE 100 et 250 mg (Retrovir);Inhibiteurs de la transcriptase inverse nucléosidique et nucléotidique;Gélule;oui;Ne pas ouvrir;;Prise possible avec de l’eau<br>Prise possible avec un jus d’orange<br>Prise possible avec du lait<br>Prise possible avec de la compote<br>Prise possible avec un yaourt<br>Prise immédiate après préparation<br>;Solution buvable;Notice patient;Ouvrable selon HUG 03/2023;;GSK 20-03-2023 : écrasement déconseillé car pas d'étude
ZINC GLUCONATE 15 mg (Effizinc, Rubozinc);Autres anti-acnéiques à usage systémique;Gélule;;?;;;Non;;;A prendre à distance des repas, si possible ≥ 2h, en position assise avec un grand verre d'eau. Ne pas s'allonger jusqu'à 30 min après la prise.;En attente (Labactal)
ZOLMITRIPTAN 2,5 mg (Zomig);Agonistes sélectifs des récepteurs 5-HT1;Comprimé;;Ne pas écraser ni croquer;;;Comprimés orodispersibles;Thériaque 03/2023;;A prendre pendant la crise de migraine uniquement, de préférence le plus tôt possible.;
ZOLPIDEM 10 mg (Stilnox);Apparentés aux benzodiazepines;Comprimé sécable;;Ne pas écraser ni croquer;;;Comprimé sublingual;Réponse laboratoire;Ecrasable selon HUG 03/2023;A prendre avant le coucher.;Sanofi 23-03-2022 : écrasement déconseillé car pas d'étude
ZONISAMIDE 25, 50 et 100mg (Zonegran);Autres antiépileptiques;Gélule;;Ne pas ouvrir;;;Non;RCP;Ouvrable selon HUG 03/2023;A prendre à heure fixe, pendant ou en dehors des repas.;Advanz Pharma 26-06-2024 : Selon une étude (Shah et al. (2001a, 2001b)), pas de différence significative dans les paramètres pharmacocinétiques entre les géules intactes et les gélules ouvertes. 
ZOPICLONE 3,75 et 7,5 mg (Imovane);Apparentés aux benzodiazepines;Comprimé sécable;;Ne pas écraser ni croquer;Goût désagréable;;Non;Réponse laboratoire;Ecrasable selon HUG 03/2023;A prendre avant le coucher.;Sanofi 23-03-2022 : écrasement déconseillé car pas d'étude
ZUCLOPENTHIXOL 10 et 25 mg (Clopixol);Dérivés du thioxanthène;Comprimé;;Écrasement possible;Goût désagréable;Prise possible avec de l’eau<br>Prise immédiate après préparation<br>;Solution buvable en gouttes;Réponse laboratoire;;;Lundbeck 14-03-2022 : Pas d'étude de stabilité mais écrasement et dissolution possible dans l'eau si administration immédiate. Goût amer.
